"","y","m","ym_num","prov","n","n_pred","margin","n_extra","n_extra_normalized"
"1",1398,12,1398.95833333333,"آذربايجان شرقي",1679,1614.90000000001,1785.85769457189,0,0
"2",1398,12,1398.95833333333,"آذربايجان غربي",1124,1151.3,1300.93912144445,0,0
"3",1398,12,1398.95833333333,"اردبيل",466,465.599999999999,590.331177604735,0,0
"4",1398,12,1398.95833333333,"اصفهان",1932,1792.5,2052.0388217589,0,0
"5",1398,12,1398.95833333333,"البرز",951,869.199999999983,953.165072103415,0,0
"6",1398,12,1398.95833333333,"ايلام",202,154.5,173.00045044496,47.5,0.0254828326180258
"7",1398,12,1398.95833333333,"بوشهر",308,350,434.884234892784,0,0
"8",1398,12,1398.95833333333,"تهران",4452,4498.60000000001,5242.84870395141,0,0
"9",1398,12,1398.95833333333,"چهارمحال و بختياري",274,188.400000000009,365.041256034171,0,0
"10",1398,12,1398.95833333333,"خراسان جنوبي",252,258.400000000001,343.350181479106,0,0
"11",1398,12,1398.95833333333,"خراسان رضوي",2298,2495.79999999999,3005.23471940311,0,0
"12",1398,12,1398.95833333333,"خراسان شمالي",354,370.699999999998,433.923413384598,0,0
"13",1398,12,1398.95833333333,"خوزستان",1462,1664.10000000001,1991.78501135492,0,0
"14",1398,12,1398.95833333333,"زنجان",390,347.400000000001,443.324970680209,0,0
"15",1398,12,1398.95833333333,"سمنان",259,251.000000000003,293.224795243241,0,0
"16",1398,12,1398.95833333333,"سيستان و بلوچستان",807,1361.90000000001,1909.46028587423,0,0
"17",1398,12,1398.95833333333,"فارس",1577,1745.9,2180.47059265441,0,0
"18",1398,12,1398.95833333333,"قزوين",490,488.999999999995,612.175755190158,0,0
"19",1398,12,1398.95833333333,"قم",1042,469.400000000001,588.767220514401,572.599999999999,0.126095573662189
"20",1398,12,1398.95833333333,"کردستان",478,516.900000000009,614.57360612435,0,0
"21",1398,12,1398.95833333333,"کرمان",982,1062.39999999999,1385.53382160748,0,0
"22",1398,12,1398.95833333333,"کرمانشاه",787,806.299999999996,911.396146456463,0,0
"23",1398,12,1398.95833333333,"کهگيلويه و بويراحمد",190,249.399999999997,333.539566594238,0,0
"24",1398,12,1398.95833333333,"گلستان",934,648.600000000006,831.083606569652,285.399999999994,0.0417007597895959
"25",1398,12,1398.95833333333,"گيلان",2197,1338.39999999999,1567.17529004097,858.600000000009,0.0665220423026272
"26",1398,12,1398.95833333333,"لرستان",619,658.699999999999,796.462597730054,0,0
"27",1398,12,1398.95833333333,"مازندران",1511,1262.9,1542.28670929973,0,0
"28",1398,12,1398.95833333333,"مرکزي",662,590.899999999998,680.02238775975,0,0
"29",1398,12,1398.95833333333,"هرمزگان",489,500.100000000006,612.158913077011,0,0
"30",1398,12,1398.95833333333,"همدان",752,794.399999999998,941.398412689839,0,0
"31",1398,12,1398.95833333333,"يزد",342,397.099999999996,469.16201033369,0,0
"32",1398,11,1398.875,"آذربايجان شرقي",1732,2171.10000000001,2526.90650172062,0,0
"33",1398,11,1398.875,"آذربايجان غربي",1241,1535.89999999999,1765.26986143199,0,0
"34",1398,11,1398.875,"اردبيل",563,613.999999999993,690.820136249115,0,0
"35",1398,11,1398.875,"اصفهان",1990,2452.70000000001,2768.20150554314,0,0
"36",1398,11,1398.875,"البرز",940,1106.50000000001,1364.64388752528,0,0
"37",1398,11,1398.875,"ايلام",170,195.999999999996,268.140603453711,0,0
"38",1398,11,1398.875,"بوشهر",390,443.900000000005,514.466280899593,0,0
"39",1398,11,1398.875,"تهران",4896,6028.40000000002,6668.37041598295,0,0
"40",1398,11,1398.875,"چهارمحال و بختياري",314,275.899999999987,445.448026627635,0,0
"41",1398,11,1398.875,"خراسان جنوبي",314,353.500000000002,459.485533604042,0,0
"42",1398,11,1398.875,"خراسان رضوي",2454,3166.50000000003,3937.45672165606,0,0
"43",1398,11,1398.875,"خراسان شمالي",355,431.500000000004,550.44368415347,0,0
"44",1398,11,1398.875,"خوزستان",1785,2107.3,2403.68960845481,0,0
"45",1398,11,1398.875,"زنجان",418,499.299999999994,635.377918855332,0,0
"46",1398,11,1398.875,"سمنان",287,343.700000000004,404.813010071509,0,0
"47",1398,11,1398.875,"سيستان و بلوچستان",1154,1488.10000000002,1953.82252110745,0,0
"48",1398,11,1398.875,"فارس",1822,2245.00000000003,2819.34345125544,0,0
"49",1398,11,1398.875,"قزوين",482,578.099999999999,670.382898379562,0,0
"50",1398,11,1398.875,"قم",525,586.300000000003,680.490586932377,0,0
"51",1398,11,1398.875,"کردستان",580,695.700000000008,850.833920640633,0,0
"52",1398,11,1398.875,"کرمان",1137,1415.8,1710.66901046623,0,0
"53",1398,11,1398.875,"کرمانشاه",881,1088.50000000001,1236.69221751946,0,0
"54",1398,11,1398.875,"کهگيلويه و بويراحمد",225,284.099999999999,317.74718908517,0,0
"55",1398,11,1398.875,"گلستان",750,752.800000000001,878.987162580035,0,0
"56",1398,11,1398.875,"گيلان",1271,1663.50000000001,2005.96226069452,0,0
"57",1398,11,1398.875,"لرستان",680,836,986.701470906333,0,0
"58",1398,11,1398.875,"مازندران",1402,1704.60000000001,1863.52807597568,0,0
"59",1398,11,1398.875,"مرکزي",599,702.700000000004,828.488711735199,0,0
"60",1398,11,1398.875,"هرمزگان",581,742.200000000004,971.967418636031,0,0
"61",1398,11,1398.875,"همدان",852,982.400000000009,1113.94061476721,0,0
"62",1398,11,1398.875,"يزد",384,438.4,466.721958501016,0,0
"63",1399,12,1399.95833333333,"آذربايجان شرقي",2214,1552.60000000002,1723.5576945719,661.39999999998,0.0420069863448701
"64",1399,12,1399.95833333333,"آذربايجان غربي",1512,1137.4,1287.03912144445,374.599999999999,0.035649029311001
"65",1399,12,1399.95833333333,"اردبيل",657,433.400000000001,558.131177604738,223.599999999999,0.0464768239451255
"66",1399,12,1399.95833333333,"اصفهان",2260,1752.2,2011.7388217589,507.799999999996,0.0300580087605064
"67",1399,12,1399.95833333333,"البرز",1190,901.799999999981,985.765072103413,288.200000000019,0.0378215223097138
"68",1399,12,1399.95833333333,"ايلام",223,132.400000000001,150.900450444961,90.5999999999985,0.0486051502145915
"69",1399,12,1399.95833333333,"بوشهر",484,347,431.884234892784,137,0.0422578655151141
"70",1399,12,1399.95833333333,"تهران",5858,4407.00000000001,5151.24870395141,1450.99999999999,0.0343684123262035
"71",1399,12,1399.95833333333,"چهارمحال و بختياري",375,123,299.641256034162,252,0.0815797992877954
"72",1399,12,1399.95833333333,"خراسان جنوبي",350,239.600000000002,324.550181479107,110.399999999998,0.0406480117820316
"73",1399,12,1399.95833333333,"خراسان رضوي",2791,2509.79999999999,3019.23471940311,0,0
"74",1399,12,1399.95833333333,"خراسان شمالي",411,372.599999999997,435.823413384597,0,0
"75",1399,12,1399.95833333333,"خوزستان",2730,1635.00000000002,1962.68501135493,1094.99999999998,0.0696564885496169
"76",1399,12,1399.95833333333,"زنجان",506,321.800000000003,417.72497068021,184.199999999997,0.0500679532481645
"77",1399,12,1399.95833333333,"سمنان",368,245.600000000003,287.824795243241,122.399999999997,0.0499388004895948
"78",1399,12,1399.95833333333,"سيستان و بلوچستان",1220,1431.40000000001,1978.96028587423,0,0
"79",1399,12,1399.95833333333,"فارس",2173,1715.8,2150.37059265441,457.199999999997,0.0282868279403574
"80",1399,12,1399.95833333333,"قزوين",578,493.599999999994,616.775755190156,0,0
"81",1399,12,1399.95833333333,"قم",474,465.600000000002,584.967220514402,0,0
"82",1399,12,1399.95833333333,"کردستان",696,483.200000000012,580.873606124353,212.799999999988,0.0411128284389467
"83",1399,12,1399.95833333333,"کرمان",1396,1025.19999999999,1348.33382160748,370.80000000001,0.0367528991971464
"84",1399,12,1399.95833333333,"کرمانشاه",977,778.400000000001,883.496146456468,198.599999999999,0.0257888585897933
"85",1399,12,1399.95833333333,"کهگيلويه و بويراحمد",265,254.199999999996,338.339566594237,0,0
"86",1399,12,1399.95833333333,"گلستان",919,611.200000000012,793.683606569658,307.799999999988,0.0449736995908808
"87",1399,12,1399.95833333333,"گيلان",1708,1329.99999999999,1558.77529004096,378.000000000013,0.0292864337181384
"88",1399,12,1399.95833333333,"لرستان",756,651.999999999998,789.762597730054,0,0
"89",1399,12,1399.95833333333,"مازندران",1808,1221.40000000001,1500.78670929974,586.599999999991,0.0464965123652498
"90",1399,12,1399.95833333333,"مرکزي",691,579,668.122387759752,112,0.0207100591715976
"91",1399,12,1399.95833333333,"هرمزگان",589,471.400000000009,583.458913077014,117.599999999991,0.0242025108046905
"92",1399,12,1399.95833333333,"همدان",1024,779.599999999999,926.59841268984,244.400000000001,0.0333879781420767
"93",1399,12,1399.95833333333,"يزد",432,401.599999999994,473.662010333689,0,0
"94",1399,11,1399.875,"آذربايجان شرقي",1941,2243.60000000001,2599.40650172062,0,0
"95",1399,11,1399.875,"آذربايجان غربي",1304,1613.59999999999,1842.96986143198,0,0
"96",1399,11,1399.875,"اردبيل",604,630.999999999993,707.820136249115,0,0
"97",1399,11,1399.875,"اصفهان",1885,2585,2900.50150554313,0,0
"98",1399,11,1399.875,"البرز",939,1192.60000000002,1450.74388752529,0,0
"99",1399,11,1399.875,"ايلام",215,181.399999999998,253.540603453712,0,0
"100",1399,11,1399.875,"بوشهر",365,459.400000000005,529.966280899593,0,0
"101",1399,11,1399.875,"تهران",4846,6310,6949.97041598292,0,0
"102",1399,11,1399.875,"چهارمحال و بختياري",365,233.599999999991,403.148026627639,0,0
"103",1399,11,1399.875,"خراسان جنوبي",264,362.600000000002,468.585533604043,0,0
"104",1399,11,1399.875,"خراسان رضوي",2561,3339.40000000002,4110.35672165605,0,0
"105",1399,11,1399.875,"خراسان شمالي",412,443.600000000006,562.543684153472,0,0
"106",1399,11,1399.875,"خوزستان",1726,2188.2,2484.5896084548,0,0
"107",1399,11,1399.875,"زنجان",457,498.999999999992,635.07791885533,0,0
"108",1399,11,1399.875,"سمنان",289,360.800000000003,421.913010071507,0,0
"109",1399,11,1399.875,"سيستان و بلوچستان",1228,1578.80000000002,2044.52252110744,0,0
"110",1399,11,1399.875,"فارس",1903,2340.80000000005,2915.14345125546,0,0
"111",1399,11,1399.875,"قزوين",549,602.999999999993,695.282898379556,0,0
"112",1399,11,1399.875,"قم",495,613.400000000001,707.590586932375,0,0
"113",1399,11,1399.875,"کردستان",593,718.000000000011,873.133920640636,0,0
"114",1399,11,1399.875,"کرمان",1192,1471.8,1766.66901046623,0,0
"115",1399,11,1399.875,"کرمانشاه",871,1141.40000000001,1289.59221751946,0,0
"116",1399,11,1399.875,"کهگيلويه و بويراحمد",237,296.799999999999,330.447189085171,0,0
"117",1399,11,1399.875,"گلستان",828,748.000000000002,874.187162580036,0,0
"118",1399,11,1399.875,"گيلان",1537,1740.20000000001,2082.66226069451,0,0
"119",1399,11,1399.875,"لرستان",712,867.599999999999,1018.30147090633,0,0
"120",1399,11,1399.875,"مازندران",1913,1810.79999999999,1969.72807597566,0,0
"121",1399,11,1399.875,"مرکزي",622,712.800000000003,838.588711735198,0,0
"122",1399,11,1399.875,"هرمزگان",646,784.200000000004,1013.96741863603,0,0
"123",1399,11,1399.875,"همدان",871,1019.8,1151.34061476721,0,0
"124",1399,11,1399.875,"يزد",319,446.199999999999,474.521958501015,0,0
"125",1399,10,1399.79166666667,"آذربايجان شرقي",2478,1932.59999999997,2190.61821641114,545.40000000003,0.0386260623229483
"126",1399,10,1399.79166666667,"آذربايجان غربي",1708,1407.49999999998,1511.24487939169,300.500000000022,0.0311495801803692
"127",1399,10,1399.79166666667,"اردبيل",831,688.69999999999,718.958882993261,142.30000000001,0.0327502876869989
"128",1399,10,1399.79166666667,"اصفهان",2581,2204.09999999995,2696.23961433719,0,0
"129",1399,10,1399.79166666667,"البرز",1197,1123.29999999996,1337.15181785524,0,0
"130",1399,10,1399.79166666667,"ايلام",238,229.899999999996,296.72364850859,0,0
"131",1399,10,1399.79166666667,"بوشهر",424,356.899999999994,424.84409466612,0,0
"132",1399,10,1399.79166666667,"تهران",6408,5134.99999999991,6545.90290239964,0,0
"133",1399,10,1399.79166666667,"چهارمحال و بختياري",417,314.6,418.144193463468,0,0
"134",1399,10,1399.79166666667,"خراسان جنوبي",381,305.100000000002,397.951494333695,0,0
"135",1399,10,1399.79166666667,"خراسان رضوي",3303,2462.39999999999,2930.7613989218,840.600000000006,0.0435003104947219
"136",1399,10,1399.79166666667,"خراسان شمالي",428,394.600000000001,438.94410896613,0,0
"137",1399,10,1399.79166666667,"خوزستان",2069,1846.09999999997,2190.01917655167,0,0
"138",1399,10,1399.79166666667,"زنجان",593,411.299999999999,472.90844098011,181.700000000001,0.0543523781035001
"139",1399,10,1399.79166666667,"سمنان",393,356.999999999989,412.964274318527,0,0
"140",1399,10,1399.79166666667,"سيستان و بلوچستان",1544,1235.80000000001,1364.52295832524,308.199999999993,0.0346136567834674
"141",1399,10,1399.79166666667,"فارس",2570,1953.59999999996,2359.69161527908,616.400000000036,0.0431018809873461
"142",1399,10,1399.79166666667,"قزوين",678,545.799999999996,571.26762650896,132.200000000004,0.0336301195624534
"143",1399,10,1399.79166666667,"قم",490,599.099999999984,710.676879325411,0,0
"144",1399,10,1399.79166666667,"کردستان",830,596.100000000006,627.363397128281,233.899999999994,0.048790154359615
"145",1399,10,1399.79166666667,"کرمان",1488,1560.49999999994,1788.34863396559,0,0
"146",1399,10,1399.79166666667,"کرمانشاه",1042,989.599999999991,1273.04734960835,0,0
"147",1399,10,1399.79166666667,"کهگيلويه و بويراحمد",309,236.299999999995,286.145762106719,72.7000000000048,0.0420474262579554
"148",1399,10,1399.79166666667,"گلستان",1110,822.399999999991,861.660667340224,287.600000000009,0.0496204278812991
"149",1399,10,1399.79166666667,"گيلان",1762,1459.69999999997,1711.42127442865,302.300000000032,0.029244461642646
"150",1399,10,1399.79166666667,"لرستان",905,828.299999999988,891.257128269956,76.7000000000116,0.0146374045801549
"151",1399,10,1399.79166666667,"مازندران",2185,1400.69999999999,1527.33174957331,784.300000000014,0.0717303822937639
"152",1399,10,1399.79166666667,"مرکزي",708,691.899999999987,866.443404344009,0,0
"153",1399,10,1399.79166666667,"هرمزگان",648,670.099999999984,820.557302913472,0,0
"154",1399,10,1399.79166666667,"همدان",1018,994.499999999985,1027.63608305155,0,0
"155",1399,10,1399.79166666667,"يزد",473,413.899999999994,536.331205172531,0,0
"156",1399,9,1399.70833333333,"آذربايجان شرقي",3269,2186.59999999998,2709.95125234714,1082.40000000002,0.0710609243697494
"157",1399,9,1399.70833333333,"آذربايجان غربي",2417,1522.59999999996,1853.43651551783,894.400000000038,0.0847049910029395
"158",1399,9,1399.70833333333,"اردبيل",1018,636.899999999994,710.900900895414,381.100000000006,0.0820275505811463
"159",1399,9,1399.70833333333,"اصفهان",3169,2294.59999999996,2679.41094925514,874.400000000038,0.0535587406590737
"160",1399,9,1399.70833333333,"البرز",1469,1104.29999999997,1414.76867796927,364.700000000026,0.0529548424568065
"161",1399,9,1399.70833333333,"ايلام",409,220.499999999998,268.836321746693,188.500000000002,0.108457997698505
"162",1399,9,1399.70833333333,"بوشهر",457,450.499999999996,487.800580871257,0,0
"163",1399,9,1399.70833333333,"تهران",7370,5337.29999999993,6348.21133801794,2032.70000000007,0.0526879212026975
"164",1399,9,1399.70833333333,"چهارمحال و بختياري",555,314.9,387.146799237057,240.1,0.0899250936329589
"165",1399,9,1399.70833333333,"خراسان جنوبي",558,431.499999999996,565.09990019956,0,0
"166",1399,9,1399.70833333333,"خراسان رضوي",4133,3157.19999999995,3671.81882333752,975.800000000047,0.0456429206230435
"167",1399,9,1399.70833333333,"خراسان شمالي",601,511.799999999981,591.552951878478,89.2000000000189,0.0286356340288985
"168",1399,9,1399.70833333333,"خوزستان",1936,1925.89999999999,2377.35852522684,0,0
"169",1399,9,1399.70833333333,"زنجان",866,511.799999999988,631.879973351087,354.200000000012,0.101431844215353
"170",1399,9,1399.70833333333,"سمنان",496,283.099999999999,363.73001922361,212.900000000001,0.0909440410081166
"171",1399,9,1399.70833333333,"سيستان و بلوچستان",1450,1307.1,1618.68326869928,0,0
"172",1399,9,1399.70833333333,"فارس",3696,2020.69999999999,2358.03919625997,1675.30000000001,0.104693163354582
"173",1399,9,1399.70833333333,"قزوين",876,548.69999999999,665.626757701841,327.30000000001,0.0820095214232048
"174",1399,9,1399.70833333333,"قم",588,537.199999999999,664.256942614981,0,0
"175",1399,9,1399.70833333333,"کردستان",1158,678.799999999988,832.840687265835,479.200000000012,0.0925096525096548
"176",1399,9,1399.70833333333,"کرمان",1933,1367.29999999997,1644.2093714557,565.700000000026,0.0585307811691698
"177",1399,9,1399.70833333333,"کرمانشاه",1432,1113.39999999999,1284.61214910162,318.600000000009,0.0411627906976756
"178",1399,9,1399.70833333333,"کهگيلويه و بويراحمد",347,271.699999999999,302.94739989183,75.3000000000011,0.0394034536891685
"179",1399,9,1399.70833333333,"گلستان",1085,898.599999999969,1158.74149995721,0,0
"180",1399,9,1399.70833333333,"گيلان",1650,1587.79999999999,1927.26546216073,0,0
"181",1399,9,1399.70833333333,"لرستان",1059,804.499999999989,968.038782352476,254.500000000011,0.0441457068516931
"182",1399,9,1399.70833333333,"مازندران",1630,1553.99999999997,1942.37301657039,0,0
"183",1399,9,1399.70833333333,"مرکزي",921,657.199999999999,798.236165574648,263.800000000001,0.0515738025415447
"184",1399,9,1399.70833333333,"هرمزگان",586,634.599999999988,737.760716037314,0,0
"185",1399,9,1399.70833333333,"همدان",1206,949.899999999998,1144.63297957288,256.100000000002,0.0379970326409499
"186",1399,9,1399.70833333333,"يزد",899,460.399999999994,580.595396473127,438.600000000006,0.119346938775512
"187",1399,8,1399.625,"آذربايجان شرقي",4368,1667.4,1761.39007039753,2700.6,0.173504657886283
"188",1399,8,1399.625,"آذربايجان غربي",3450,1117.10000000001,1228.61502140968,2332.89999999999,0.212429429976324
"189",1399,8,1399.625,"اردبيل",969,545.7,579.251949769475,423.3,0.0983503717472118
"190",1399,8,1399.625,"اصفهان",4426,1884.8,2089.02340708156,2541.2,0.157242744879649
"191",1399,8,1399.625,"البرز",2036,899.399999999994,1005.68013298197,1136.60000000001,0.165685131195336
"192",1399,8,1399.625,"ايلام",544,210.299999999999,240.239939879699,333.700000000001,0.189387060158911
"193",1399,8,1399.625,"بوشهر",555,380.699999999997,401.875457492107,174.300000000003,0.0682458888018805
"194",1399,8,1399.625,"تهران",10358,4533.50000000001,5016.0519661135,5824.49999999999,0.147665044113173
"195",1399,8,1399.625,"چهارمحال و بختياري",710,218.799999999996,304.425541360803,491.200000000004,0.174060949681079
"196",1399,8,1399.625,"خراسان جنوبي",730,297.599999999999,320.097407258022,432.400000000001,0.165543644716692
"197",1399,8,1399.625,"خراسان رضوي",5080,2483.60000000001,2733.90008656279,2596.39999999999,0.127788168126784
"198",1399,8,1399.625,"خراسان شمالي",625,385.599999999993,453.760594676588,239.400000000007,0.0853171774768378
"199",1399,8,1399.625,"خوزستان",2511,1763.39999999999,1953.5984928086,747.600000000006,0.0589171723540079
"200",1399,8,1399.625,"زنجان",868,401.599999999999,420.963195328595,466.400000000001,0.13421582733813
"201",1399,8,1399.625,"سمنان",658,273.999999999997,316.658332519369,384.000000000003,0.158612143742256
"202",1399,8,1399.625,"سيستان و بلوچستان",1499,999.500000000029,1523.04216640118,0,0
"203",1399,8,1399.625,"فارس",3880,1644,1770.7817021498,2236,0.152461475521614
"204",1399,8,1399.625,"قزوين",1020,511.5,543.28049716414,508.5,0.125493583415597
"205",1399,8,1399.625,"قم",942,483.900000000001,578.36763114069,458.099999999999,0.117251087791144
"206",1399,8,1399.625,"کردستان",1700,526.100000000002,602.337348677234,1173.9,0.215078783437156
"207",1399,8,1399.625,"کرمان",2152,1038.50000000001,1228.41471770246,1113.49999999999,0.129176334106727
"208",1399,8,1399.625,"کرمانشاه",2246,882.200000000003,1019.9766308196,1363.8,0.174287539936102
"209",1399,8,1399.625,"کهگيلويه و بويراحمد",390,202.699999999997,237.146093150502,187.300000000003,0.10648095508812
"210",1399,8,1399.625,"گلستان",1045,741.799999999999,822.45068712251,303.200000000001,0.0570031960894906
"211",1399,8,1399.625,"گيلان",1747,1312.1,1403.55563587518,434.9,0.0443052159739201
"212",1399,8,1399.625,"لرستان",1377,664.900000000003,746.310073086815,712.099999999997,0.128537906137184
"213",1399,8,1399.625,"مازندران",1805,1319.2,1395.24209360611,485.8,0.0495309951060359
"214",1399,8,1399.625,"مرکزي",1597,604.399999999996,700.444434161135,992.600000000004,0.184463854302175
"215",1399,8,1399.625,"هرمزگان",700,560,629.982855043214,140,0.0365153886280647
"216",1399,8,1399.625,"همدان",1698,845.900000000003,912.700199600502,852.099999999997,0.123492753623188
"217",1399,8,1399.625,"يزد",1400,423.299999999999,430.98548415304,976.700000000001,0.255814562598219
"218",1399,7,1399.54166666667,"آذربايجان شرقي",2758,2201.70000000001,2596.04046203758,556.299999999988,0.0336988126968735
"219",1399,7,1399.54166666667,"آذربايجان غربي",1738,1320.39999999999,1560.59325552562,417.600000000006,0.0385488784270291
"220",1399,7,1399.54166666667,"اردبيل",705,660.400000000001,792.003444737085,0,0
"221",1399,7,1399.54166666667,"اصفهان",3283,2248.5,2655.2016924807,1034.5,0.058377066756955
"222",1399,7,1399.54166666667,"البرز",1567,1038.10000000002,1288.56915977823,528.89999999998,0.0663613550815533
"223",1399,7,1399.54166666667,"ايلام",257,231.199999999999,276.43125762862,0,0
"224",1399,7,1399.54166666667,"بوشهر",457,400.500000000007,460.262864723848,0,0
"225",1399,7,1399.54166666667,"تهران",7396,5517.10000000003,6366.34586153446,1878.89999999997,0.04432831595338
"226",1399,7,1399.54166666667,"چهارمحال و بختياري",483,329.399999999998,448.128822673069,153.600000000002,0.0488239033693586
"227",1399,7,1399.54166666667,"خراسان جنوبي",325,367.700000000001,415.537223999728,0,0
"228",1399,7,1399.54166666667,"خراسان رضوي",2983,3001.80000000005,3580.4162804485,0,0
"229",1399,7,1399.54166666667,"خراسان شمالي",454,417.100000000002,508.931004205191,0,0
"230",1399,7,1399.54166666667,"خوزستان",2133,1937.10000000001,2365.01572378995,0,0
"231",1399,7,1399.54166666667,"زنجان",608,471.100000000002,543.516388568705,136.899999999998,0.0364774846789229
"232",1399,7,1399.54166666667,"سمنان",369,312.100000000002,387.063991355853,0,0
"233",1399,7,1399.54166666667,"سيستان و بلوچستان",1248,1280.60000000001,1710.00765402277,0,0
"234",1399,7,1399.54166666667,"فارس",2124,1919.7,2303.29058035011,0,0
"235",1399,7,1399.54166666667,"قزوين",711,583.5,671.034374200464,127.5,0.0291162365836949
"236",1399,7,1399.54166666667,"قم",967,539.400000000001,609.279896966153,427.599999999999,0.0942680776014106
"237",1399,7,1399.54166666667,"کردستان",841,672.800000000003,789.508183089279,168.199999999997,0.0318983500853399
"238",1399,7,1399.54166666667,"کرمان",1331,1233.70000000001,1482.82941750559,0,0
"239",1399,7,1399.54166666667,"کرمانشاه",1194,1027.20000000001,1287.9036631887,0,0
"240",1399,7,1399.54166666667,"کهگيلويه و بويراحمد",313,270.200000000001,353.152195068406,0,0
"241",1399,7,1399.54166666667,"گلستان",791,831.800000000003,981.211289176335,0,0
"242",1399,7,1399.54166666667,"گيلان",1449,1489.90000000001,1770.37269623501,0,0
"243",1399,7,1399.54166666667,"لرستان",1010,797.599999999999,958.32502397988,212.400000000001,0.0335174372731579
"244",1399,7,1399.54166666667,"مازندران",1493,1662.8,2027.46313221932,0,0
"245",1399,7,1399.54166666667,"مرکزي",995,709.200000000001,838.280853214824,285.799999999999,0.0497996166579542
"246",1399,7,1399.54166666667,"هرمزگان",609,641.400000000009,850.492005267228,0,0
"247",1399,7,1399.54166666667,"همدان",1238,1040.40000000001,1232.34304710861,197.599999999991,0.0261617900172105
"248",1399,7,1399.54166666667,"يزد",471,401.200000000001,468.260171985067,69.7999999999993,0.0219911783238813
"249",1399,6,1399.45833333333,"آذربايجان شرقي",2252,1787.7,2009.64263523112,464.299999999997,0.0269253073532821
"250",1399,6,1399.45833333333,"آذربايجان غربي",1292,1158.3,1270.50398091572,133.699999999995,0.0118297646434255
"251",1399,6,1399.45833333333,"اردبيل",694,575.600000000009,700.33759123323,0,0
"252",1399,6,1399.45833333333,"اصفهان",2564,1853.1,2008.2029765457,710.899999999996,0.037552163118694
"253",1399,6,1399.45833333333,"البرز",1062,881.500000000007,951.952821093276,180.499999999993,0.0219613091616976
"254",1399,6,1399.45833333333,"ايلام",231,208.199999999999,233.749951076274,0,0
"255",1399,6,1399.45833333333,"بوشهر",511,338.699999999999,394.46498303894,172.300000000001,0.0500581057524696
"256",1399,6,1399.45833333333,"تهران",5913,4431.09999999999,4875.59806898717,1481.90000000001,0.0325799714191494
"257",1399,6,1399.45833333333,"چهارمحال و بختياري",458,49.3000000000466,577.335226097763,0,0
"258",1399,6,1399.45833333333,"خراسان جنوبي",276,293.500000000007,398.016027479049,0,0
"259",1399,6,1399.45833333333,"خراسان رضوي",2711,2368.09999999998,2723.93273223991,0,0
"260",1399,6,1399.45833333333,"خراسان شمالي",472,418.000000000011,483.625198412403,0,0
"261",1399,6,1399.45833333333,"خوزستان",1783,1614.49999999999,1758.86204487329,168.500000000006,0.0101597829363887
"262",1399,6,1399.45833333333,"زنجان",514,402.499999999997,452.035172689041,111.500000000003,0.0297571390445697
"263",1399,6,1399.45833333333,"سمنان",319,295.300000000003,318.882479372053,23.6999999999971,0.00943095901313056
"264",1399,6,1399.45833333333,"سيستان و بلوچستان",1075,963.999999999978,1271.77307657859,0,0
"265",1399,6,1399.45833333333,"فارس",2035,1742.2,1942.58895511813,292.799999999997,0.0175213930943688
"266",1399,6,1399.45833333333,"قزوين",657,445.9,519.630138568521,211.1,0.0437060041407868
"267",1399,6,1399.45833333333,"قم",589,495.399999999998,540.109432263597,93.6000000000022,0.018897637795276
"268",1399,6,1399.45833333333,"کردستان",654,559.700000000003,669.2560739226,0,0
"269",1399,6,1399.45833333333,"کرمان",1312,1051.00000000001,1236.92184738038,260.999999999995,0.0255331637644291
"270",1399,6,1399.45833333333,"کرمانشاه",909,883.700000000002,959.716664839584,0,0
"271",1399,6,1399.45833333333,"کهگيلويه و بويراحمد",278,244.300000000001,283.258097147235,0,0
"272",1399,6,1399.45833333333,"گلستان",785,698.2,749.508218964736,86.8000000000002,0.0118822724161533
"273",1399,6,1399.45833333333,"گيلان",1432,1409.40000000002,1573.974603144,0,0
"274",1399,6,1399.45833333333,"لرستان",884,758.400000000001,830.329595207166,125.599999999999,0.0183330900598451
"275",1399,6,1399.45833333333,"مازندران",1636,1334.10000000001,1491.41539445755,301.899999999993,0.0231785028790782
"276",1399,6,1399.45833333333,"مرکزي",784,653.599999999992,795.141984348573,0,0
"277",1399,6,1399.45833333333,"هرمزگان",658,466.299999999996,495.003077651468,191.700000000004,0.0397470454074237
"278",1399,6,1399.45833333333,"همدان",911,850.099999999999,931.758639061236,0,0
"279",1399,6,1399.45833333333,"يزد",479,395.300000000001,442.429608527974,83.6999999999987,0.0235974062588099
"280",1399,5,1399.375,"آذربايجان شرقي",2972,1873.8,2313.46714682814,1098.2,0.0650592417061612
"281",1399,5,1399.375,"آذربايجان غربي",1886,1189.5,1291.73306705758,696.5,0.0625224416517056
"282",1399,5,1399.375,"اردبيل",1085,516.700000000001,583.172049263833,568.299999999999,0.111540726202159
"283",1399,5,1399.375,"اصفهان",3194,2089.80000000002,2191.3112473243,1104.19999999998,0.0608073131780375
"284",1399,5,1399.375,"البرز",1642,970.900000000001,1074.06782444154,671.099999999999,0.0752354260089684
"285",1399,5,1399.375,"ايلام",330,175.099999999999,188.816170505403,154.900000000001,0.0860555555555564
"286",1399,5,1399.375,"بوشهر",631,311.200000000001,363.128155497123,319.799999999999,0.0954057279236275
"287",1399,5,1399.375,"تهران",8016,4918.70000000001,5569.43117849592,3097.29999999999,0.0677390429533722
"288",1399,5,1399.375,"چهارمحال و بختياري",535,164,508.228606210084,371,0.106242840778923
"289",1399,5,1399.375,"خراسان جنوبي",400,342.900000000001,357.556056768451,57.0999999999985,0.0209849320102898
"290",1399,5,1399.375,"خراسان رضوي",4685,2577.10000000001,2830.12200167838,2107.89999999999,0.0859630520778106
"291",1399,5,1399.375,"خراسان شمالي",619,463,518.799641575909,156,0.0444571102878313
"292",1399,5,1399.375,"خوزستان",2645,1595,1834.15406470864,1050,0.0718439958946288
"293",1399,5,1399.375,"زنجان",745,428.2,488.735389098719,316.8,0.0821789883268483
"294",1399,5,1399.375,"سمنان",458,279.599999999999,306.758792314827,178.400000000001,0.0721682847896446
"295",1399,5,1399.375,"سيستان و بلوچستان",1424,1081.6,1302.24874046019,342.399999999998,0.0363520543582119
"296",1399,5,1399.375,"فارس",2710,1704.9,1926.87026827933,1005.1,0.0628462452322892
"297",1399,5,1399.375,"قزوين",761,534.6,628.476514634918,226.4,0.0491212844434801
"298",1399,5,1399.375,"قم",817,474.6,553.129824483017,342.4,0.0708169596690796
"299",1399,5,1399.375,"کردستان",981,587.200000000001,690.068200463831,393.799999999999,0.0726970647960124
"300",1399,5,1399.375,"کرمان",1855,1092.5,1296.18832399854,762.499999999996,0.0764564323673916
"301",1399,5,1399.375,"کرمانشاه",1276,859.700000000001,949.967011323813,416.299999999999,0.0517335653038399
"302",1399,5,1399.375,"کهگيلويه و بويراحمد",327,204.4,217.92528496311,122.6,0.0646283605693199
"303",1399,5,1399.375,"گلستان",1289,659.300000000003,783.559406082601,629.699999999997,0.0847510094212647
"304",1399,5,1399.375,"گيلان",1610,1173.3,1391.87081232406,436.700000000004,0.0366635882797418
"305",1399,5,1399.375,"لرستان",1133,759.1,934.891922453792,373.9,0.0559479275774353
"306",1399,5,1399.375,"مازندران",2468,1355.5,1518.60119558115,1112.5,0.0823403152986456
"307",1399,5,1399.375,"مرکزي",1033,656,790.557051097295,377,0.0643344709897611
"308",1399,5,1399.375,"هرمزگان",913,469.900000000001,582.058815970927,443.099999999999,0.0892986698911726
"309",1399,5,1399.375,"همدان",1426,863.2,876.803921003397,562.8,0.0715575333757152
"310",1399,5,1399.375,"يزد",577,353.7,398.066654144751,223.3,0.0630434782608696
"311",1399,4,1399.29166666667,"آذربايجان شرقي",2684,1830.19999999999,2268.67979809032,853.80000000001,0.0537488196411716
"312",1399,4,1399.29166666667,"آذربايجان غربي",2132,1223.59999999999,1389.54456905846,908.400000000005,0.0820373882416694
"313",1399,4,1399.29166666667,"اردبيل",800,548.999999999996,625.122707956736,251.000000000004,0.0542585386943371
"314",1399,4,1399.29166666667,"اصفهان",2579,2091.50000000001,2116.17657458673,487.499999999985,0.0293480223947978
"315",1399,4,1399.29166666667,"البرز",1387,844.899999999994,903.627619850738,542.100000000006,0.0691983660965032
"316",1399,4,1399.29166666667,"ايلام",309,183.199999999998,235.128155497121,125.800000000002,0.0743938497930228
"317",1399,4,1399.29166666667,"بوشهر",566,303.399999999999,327.981836112597,262.600000000001,0.0883877482329186
"318",1399,4,1399.29166666667,"تهران",6244,4447.59999999998,5012.15906097885,1796.40000000002,0.044754478188296
"319",1399,4,1399.29166666667,"چهارمحال و بختياري",444,262.899999999994,444.129504588321,0,0
"320",1399,4,1399.29166666667,"خراسان جنوبي",414,318.699999999997,360.542562063048,95.3000000000029,0.038028731045492
"321",1399,4,1399.29166666667,"خراسان رضوي",3861,2287.69999999998,2634.03529033773,1573.30000000002,0.0744722143330501
"322",1399,4,1399.29166666667,"خراسان شمالي",512,392.899999999998,468.317946582141,119.100000000002,0.0390619875368981
"323",1399,4,1399.29166666667,"خوزستان",4008,1529.80000000001,1712.28068390929,2478.19999999999,0.163372667941195
"324",1399,4,1399.29166666667,"زنجان",658,426.599999999997,545.009459081609,231.400000000003,0.0618882054025149
"325",1399,4,1399.29166666667,"سمنان",305,280.799999999998,315.648242423399,0,0
"326",1399,4,1399.29166666667,"سيستان و بلوچستان",1484,1084.39999999999,1256.04148682646,399.600000000006,0.0444493882091219
"327",1399,4,1399.29166666667,"فارس",2467,1678.2,1848.73015373632,788.8,0.0528899021054043
"328",1399,4,1399.29166666667,"قزوين",770,478.699999999996,578.859206599623,291.300000000004,0.0688652482269514
"329",1399,4,1399.29166666667,"قم",632,496.800000000001,591.491076665123,135.199999999999,0.0328314715881493
"330",1399,4,1399.29166666667,"کردستان",1406,574.199999999998,638.640153113824,831.800000000002,0.15066111211737
"331",1399,4,1399.29166666667,"کرمان",1618,1086.39999999999,1234.65023889806,531.600000000009,0.0564091680814951
"332",1399,4,1399.29166666667,"کرمانشاه",1408,844.499999999999,896.86156351116,563.500000000001,0.0736505032021959
"333",1399,4,1399.29166666667,"کهگيلويه و بويراحمد",288,233.100000000002,266.976245364562,54.8999999999978,0.0297238765565771
"334",1399,4,1399.29166666667,"گلستان",1226,750.299999999992,852.371216968019,475.700000000008,0.0744095104020034
"335",1399,4,1399.29166666667,"گيلان",1528,1217.8,1432.71331585858,310.200000000004,0.0290313523631263
"336",1399,4,1399.29166666667,"لرستان",1197,707.499999999995,790.512448865614,489.500000000005,0.0801407989521947
"337",1399,4,1399.29166666667,"مازندران",1634,1306.6,1456.13973830836,327.400000000001,0.0306870372106103
"338",1399,4,1399.29166666667,"مرکزي",876,558.999999999998,609.517323761258,317.000000000002,0.0607512456880034
"339",1399,4,1399.29166666667,"هرمزگان",1082,489.899999999998,535.534782056379,592.100000000002,0.125684568032265
"340",1399,4,1399.29166666667,"همدان",1397,882.599999999991,1019.79863944903,514.400000000009,0.0698628276517736
"341",1399,4,1399.29166666667,"يزد",527,392.199999999999,422.855070271219,134.800000000001,0.0411226357535086
"342",1399,3,1399.20833333333,"آذربايجان شرقي",2222,1928.09999999999,2250.36428078001,0,0
"343",1399,3,1399.20833333333,"آذربايجان غربي",1499,1322.99999999999,1471.06845263817,176.000000000015,0.0172278778386858
"344",1399,3,1399.20833333333,"اردبيل",636,581.199999999997,669.439069200285,0,0
"345",1399,3,1399.20833333333,"اصفهان",2217,2128.30000000002,2343.52174611318,0,0
"346",1399,3,1399.20833333333,"البرز",1152,928.400000000001,1034.17712418099,223.599999999999,0.0298690889660698
"347",1399,3,1399.20833333333,"ايلام",235,196.500000000001,245.743612106886,0,0
"348",1399,3,1399.20833333333,"بوشهر",374,337.299999999999,429.805134992604,0,0
"349",1399,3,1399.20833333333,"تهران",5332,5248.60000000003,6035.45297228901,0,0
"350",1399,3,1399.20833333333,"چهارمحال و بختياري",376,286.100000000002,402.768761885951,0,0
"351",1399,3,1399.20833333333,"خراسان جنوبي",350,347,426.609044712268,0,0
"352",1399,3,1399.20833333333,"خراسان رضوي",3070,2751.79999999996,3282.23981750992,0,0
"353",1399,3,1399.20833333333,"خراسان شمالي",428,391.799999999999,434.551998003991,0,0
"354",1399,3,1399.20833333333,"خوزستان",2497,1739.60000000001,2080.23783309159,757.399999999994,0.0536402266288948
"355",1399,3,1399.20833333333,"زنجان",481,427.099999999999,499.013837333296,0,0
"356",1399,3,1399.20833333333,"سمنان",301,276.799999999999,348.692512359308,0,0
"357",1399,3,1399.20833333333,"سيستان و بلوچستان",1059,1054.29999999999,1286.29166651699,0,0
"358",1399,3,1399.20833333333,"فارس",1891,1887.2,2142.39352133887,0,0
"359",1399,3,1399.20833333333,"قزوين",658,467.700000000003,581.705263036408,190.299999999997,0.0438075506445666
"360",1399,3,1399.20833333333,"قم",560,542.400000000001,645.914250226721,0,0
"361",1399,3,1399.20833333333,"کردستان",762,559.500000000004,783.429453176669,0,0
"362",1399,3,1399.20833333333,"کرمان",1291,1189.29999999999,1339.34843662408,0,0
"363",1399,3,1399.20833333333,"کرمانشاه",1198,1002.2,1143.98293268232,195.800000000003,0.0258994708994713
"364",1399,3,1399.20833333333,"کهگيلويه و بويراحمد",258,241.900000000001,296.461280532384,0,0
"365",1399,3,1399.20833333333,"گلستان",806,703.500000000004,782.58392166975,102.499999999996,0.0179227137611464
"366",1399,3,1399.20833333333,"گيلان",1442,1398.59999999999,1563.66645126533,0,0
"367",1399,3,1399.20833333333,"لرستان",915,787.500000000007,900.991849927655,127.499999999993,0.0211092715231776
"368",1399,3,1399.20833333333,"مازندران",1456,1379,1577.74539826958,0,0
"369",1399,3,1399.20833333333,"مرکزي",692,647.199999999997,794.154868355329,0,0
"370",1399,3,1399.20833333333,"هرمزگان",626,484.399999999998,575.098033789785,141.600000000002,0.0336822074215039
"371",1399,3,1399.20833333333,"همدان",976,865.800000000003,1011.55047169735,0,0
"372",1399,3,1399.20833333333,"يزد",470,480.099999999999,543.162931531391,0,0
"373",1399,2,1399.125,"آذربايجان شرقي",2113,1827.50000000001,2099.18682951762,285.499999999993,0.0175778844969827
"374",1399,2,1399.125,"آذربايجان غربي",1405,1389.10000000001,1660.57964932938,0,0
"375",1399,2,1399.125,"اردبيل",729,577.700000000001,717.728092419582,151.299999999999,0.0303693295865113
"376",1399,2,1399.125,"اصفهان",2214,1959.40000000001,2312.95263634525,0,0
"377",1399,2,1399.125,"البرز",997,919.400000000009,1117.56356880114,0,0
"378",1399,2,1399.125,"ايلام",219,209.799999999999,269.237361987221,0,0
"379",1399,2,1399.125,"بوشهر",296,312.9,368.45897767238,0,0
"380",1399,2,1399.125,"تهران",5764,4909.50000000003,5708.20787317186,854.499999999971,0.0196031199816465
"381",1399,2,1399.125,"چهارمحال و بختياري",330,245.599999999991,357.93046484962,0,0
"382",1399,2,1399.125,"خراسان جنوبي",344,301.4,355.776465497493,0,0
"383",1399,2,1399.125,"خراسان رضوي",2852,2598.60000000001,3152.11145727378,0,0
"384",1399,2,1399.125,"خراسان شمالي",443,391.200000000003,443.968677578026,0,0
"385",1399,2,1399.125,"خوزستان",1808,1673.3,2081.10436486139,0,0
"386",1399,2,1399.125,"زنجان",499,409.199999999999,484.129300010075,89.8000000000011,0.0226710426659937
"387",1399,2,1399.125,"سمنان",317,278.4,374.466643534579,0,0
"388",1399,2,1399.125,"سيستان و بلوچستان",1119,1139.5,1462.32647557679,0,0
"389",1399,2,1399.125,"فارس",1826,1890.80000000002,2281.0798995593,0,0
"390",1399,2,1399.125,"قزوين",649,471.399999999998,532.234200907054,177.600000000002,0.0387772925764197
"391",1399,2,1399.125,"قم",523,524.100000000002,629.795789887775,0,0
"392",1399,2,1399.125,"کردستان",710,539.499999999996,617.582861969403,170.500000000004,0.0321152759465066
"393",1399,2,1399.125,"کرمان",1158,1250.30000000001,1461.42366044573,0,0
"394",1399,2,1399.125,"کرمانشاه",935,867.900000000001,981.323689471527,0,0
"395",1399,2,1399.125,"کهگيلويه و بويراحمد",252,249.400000000001,295.576473086051,0,0
"396",1399,2,1399.125,"گلستان",847,735.400000000001,860.787931370343,0,0
"397",1399,2,1399.125,"گيلان",1606,1379.3,1653.56483551487,0,0
"398",1399,2,1399.125,"لرستان",896,819.300000000003,1018.02225173174,0,0
"399",1399,2,1399.125,"مازندران",1618,1403.2,1642.98990804453,0,0
"400",1399,2,1399.125,"مرکزي",705,627.199999999999,720.019538173094,0,0
"401",1399,2,1399.125,"هرمزگان",568,557.599999999999,709.174843999039,0,0
"402",1399,2,1399.125,"همدان",975,932.400000000001,1159.590375383,0,0
"403",1399,2,1399.125,"يزد",454,419.900000000001,516.406303766474,0,0
"404",1399,1,1399.04166666667,"آذربايجان شرقي",2053,2014,2078.63023028481,0,0
"405",1399,1,1399.04166666667,"آذربايجان غربي",1306,1302.5,1528.71612085201,0,0
"406",1399,1,1399.04166666667,"اردبيل",705,616.299999999996,677.804471382165,88.7000000000044,0.0185681389993729
"407",1399,1,1399.04166666667,"اصفهان",2492,2096.80000000002,2268.29849367659,395.199999999983,0.0246984563464773
"408",1399,1,1399.04166666667,"البرز",1122,902.799999999996,1052.18272992551,219.200000000004,0.0284121840570323
"409",1399,1,1399.04166666667,"ايلام",225,238.6,315.648902220171,0,0
"410",1399,1,1399.04166666667,"بوشهر",323,388.900000000001,474.652356624568,0,0
"411",1399,1,1399.04166666667,"تهران",6455,5184.5,5401.44453976381,1270.5,0.0315958319862724
"412",1399,1,1399.04166666667,"چهارمحال و بختياري",316,326.699999999999,367.069955825258,0,0
"413",1399,1,1399.04166666667,"خراسان جنوبي",335,370.600000000002,426.140975864673,0,0
"414",1399,1,1399.04166666667,"خراسان رضوي",2636,2746.59999999998,3125.98125063492,0,0
"415",1399,1,1399.04166666667,"خراسان شمالي",381,377.399999999999,460.075268369687,0,0
"416",1399,1,1399.04166666667,"خوزستان",1760,1855.90000000001,2022.34798987473,0,0
"417",1399,1,1399.04166666667,"زنجان",563,494.599999999999,555.333296743493,68.4000000000015,0.0189736477115122
"418",1399,1,1399.04166666667,"سمنان",356,357.800000000003,405.949766354575,0,0
"419",1399,1,1399.04166666667,"سيستان و بلوچستان",643,1169.5,1588.18795062672,0,0
"420",1399,1,1399.04166666667,"فارس",1664,1999.30000000002,2306.12698707906,0,0
"421",1399,1,1399.04166666667,"قزوين",737,477.9,496.982277991197,259.1,0.0628883495145632
"422",1399,1,1399.04166666667,"قم",664,571,694.627397179321,0,0
"423",1399,1,1399.04166666667,"کردستان",654,687.999999999993,784.05553948974,0,0
"424",1399,1,1399.04166666667,"کرمان",935,1131.09999999999,1243.65754084022,0,0
"425",1399,1,1399.04166666667,"کرمانشاه",878,961.599999999999,1063.11650112174,0,0
"426",1399,1,1399.04166666667,"کهگيلويه و بويراحمد",229,247,270.528705871765,0,0
"427",1399,1,1399.04166666667,"گلستان",1124,888.799999999988,1009.46924490798,235.200000000012,0.0370627166719212
"428",1399,1,1399.04166666667,"گيلان",2183,1689.59999999999,1781.76217590023,493.400000000009,0.0398674854557215
"429",1399,1,1399.04166666667,"لرستان",727,793.799999999996,837.532520317643,0,0
"430",1399,1,1399.04166666667,"مازندران",2298,1629.99999999999,1794.39464711478,668.000000000015,0.0553392428133555
"431",1399,1,1399.04166666667,"مرکزي",764,763.400000000001,808.495454316375,0,0
"432",1399,1,1399.04166666667,"هرمزگان",435,546.799999999999,605.673876493173,0,0
"433",1399,1,1399.04166666667,"همدان",912,998.199999999997,1085.25860095361,0,0
"434",1399,1,1399.04166666667,"يزد",562,463,510.766096763291,99,0.0299364983368612
"435",1400,12,1400.95833333333,"آذربايجان شرقي",2843,1490.30000000002,1661.2576945719,1352.69999999998,0.0859129882502371
"436",1400,12,1400.95833333333,"آذربايجان غربي",1907,1123.5,1273.13912144445,783.5,0.0745622382946327
"437",1400,12,1400.95833333333,"اردبيل",877,401.199999999997,525.931177604734,475.800000000003,0.0988983579297449
"438",1400,12,1400.95833333333,"اصفهان",3135,1711.9,1971.4388217589,1423.1,0.0842370072214987
"439",1400,12,1400.95833333333,"البرز",1622,934.39999999998,1018.36507210341,687.60000000002,0.0902362204724436
"440",1400,12,1400.95833333333,"ايلام",335,110.300000000003,128.800450444963,224.699999999997,0.120547210300428
"441",1400,12,1400.95833333333,"بوشهر",655,344,428.884234892784,311,0.0959284392350401
"442",1400,12,1400.95833333333,"تهران",8042,4315.40000000002,5059.64870395142,3726.59999999998,0.0882683152135289
"443",1400,12,1400.95833333333,"چهارمحال و بختياري",517,57.6000000000058,234.241256034168,459.399999999994,0.148721269019098
"444",1400,12,1400.95833333333,"خراسان جنوبي",540,220.800000000003,305.750181479107,319.199999999997,0.117525773195875
"445",1400,12,1400.95833333333,"خراسان رضوي",3877,2523.79999999998,3033.2347194031,1353.20000000002,0.0637249823404764
"446",1400,12,1400.95833333333,"خراسان شمالي",655,374.499999999997,437.723413384597,280.500000000003,0.0864406779661027
"447",1400,12,1400.95833333333,"خوزستان",2771,1605.90000000002,1933.58501135493,1165.09999999998,0.0741157760814235
"448",1400,12,1400.95833333333,"زنجان",662,296.199999999997,392.124970680204,365.800000000003,0.0994291927154126
"449",1400,12,1400.95833333333,"سمنان",488,240.200000000004,282.424795243242,247.799999999996,0.101101591187269
"450",1400,12,1400.95833333333,"سيستان و بلوچستان",1397,1500.90000000001,2048.46028587423,0,0
"451",1400,12,1400.95833333333,"فارس",3232,1685.7,2120.27059265441,1546.3,0.0956691208315285
"452",1400,12,1400.95833333333,"قزوين",810,498.199999999993,621.375755190155,311.800000000007,0.0732957216737206
"453",1400,12,1400.95833333333,"قم",621,461.800000000002,581.167220514402,159.199999999998,0.0350583571900458
"454",1400,12,1400.95833333333,"کردستان",912,449.500000000015,547.173606124356,462.499999999985,0.0893547140649122
"455",1400,12,1400.95833333333,"کرمان",1841,987.999999999985,1311.13382160748,853.000000000015,0.0845475270096159
"456",1400,12,1400.95833333333,"کرمانشاه",1487,750.5,855.596146456467,736.5,0.0956369302687963
"457",1400,12,1400.95833333333,"کهگيلويه و بويراحمد",355,258.999999999995,343.139566594236,96.0000000000045,0.048362720403025
"458",1400,12,1400.95833333333,"گلستان",1187,573.80000000001,756.283606569656,613.19999999999,0.0895967270601972
"459",1400,12,1400.95833333333,"گيلان",2184,1321.59999999998,1550.37529004096,862.400000000016,0.0668164561865667
"460",1400,12,1400.95833333333,"لرستان",1024,645.299999999997,783.062597730053,378.700000000003,0.065372000690489
"461",1400,12,1400.95833333333,"مازندران",2360,1179.90000000001,1459.28670929974,1180.09999999999,0.0935399492707666
"462",1400,12,1400.95833333333,"مرکزي",922,567.099999999999,656.22238775975,354.900000000001,0.0656250000000003
"463",1400,12,1400.95833333333,"هرمزگان",850,442.700000000012,554.758913077016,407.299999999988,0.0838238320642083
"464",1400,12,1400.95833333333,"همدان",1350,764.799999999999,911.798412689841,585.200000000001,0.0799453551912569
"465",1400,12,1400.95833333333,"يزد",630,406.099999999992,478.162010333687,223.900000000008,0.0673991571342588
"466",1400,11,1400.875,"آذربايجان شرقي",2032,2316.10000000001,2671.90650172062,0,0
"467",1400,11,1400.875,"آذربايجان غربي",1464,1691.29999999999,1920.66986143198,0,0
"468",1400,11,1400.875,"اردبيل",641,647.999999999989,724.820136249112,0,0
"469",1400,11,1400.875,"اصفهان",2372,2717.30000000002,3032.80150554315,0,0
"470",1400,11,1400.875,"البرز",1217,1278.70000000001,1536.84388752528,0,0
"471",1400,11,1400.875,"ايلام",232,166.799999999996,238.94060345371,0,0
"472",1400,11,1400.875,"بوشهر",443,474.900000000005,545.466280899593,0,0
"473",1400,11,1400.875,"تهران",5835,6591.59999999998,7231.5704159829,0,0
"474",1400,11,1400.875,"چهارمحال و بختياري",364,191.299999999988,360.848026627637,172.700000000012,0.0564932940791664
"475",1400,11,1400.875,"خراسان جنوبي",392,371.700000000001,477.685533604041,0,0
"476",1400,11,1400.875,"خراسان رضوي",3180,3512.30000000005,4283.25672165608,0,0
"477",1400,11,1400.875,"خراسان شمالي",464,455.700000000004,574.643684153471,0,0
"478",1400,11,1400.875,"خوزستان",2105,2269.09999999999,2565.4896084548,0,0
"479",1400,11,1400.875,"زنجان",461,498.69999999999,634.777918855328,0,0
"480",1400,11,1400.875,"سمنان",335,377.900000000001,439.013010071506,0,0
"481",1400,11,1400.875,"سيستان و بلوچستان",1289,1669.50000000001,2135.22252110744,0,0
"482",1400,11,1400.875,"فارس",2167,2436.60000000003,3010.94345125545,0,0
"483",1400,11,1400.875,"قزوين",598,627.899999999994,720.182898379557,0,0
"484",1400,11,1400.875,"قم",658,640.5,734.690586932374,0,0
"485",1400,11,1400.875,"کردستان",755,740.30000000001,895.433920640636,0,0
"486",1400,11,1400.875,"کرمان",1279,1527.8,1822.66901046623,0,0
"487",1400,11,1400.875,"کرمانشاه",1034,1194.3,1342.49221751945,0,0
"488",1400,11,1400.875,"کهگيلويه و بويراحمد",251,309.499999999996,343.147189085168,0,0
"489",1400,11,1400.875,"گلستان",861,743.200000000003,869.387162580037,0,0
"490",1400,11,1400.875,"گيلان",1558,1816.90000000001,2159.36226069451,0,0
"491",1400,11,1400.875,"لرستان",776,899.199999999997,1049.90147090633,0,0
"492",1400,11,1400.875,"مازندران",1782,1916.99999999997,2075.92807597565,0,0
"493",1400,11,1400.875,"مرکزي",823,722.900000000003,848.688711735198,0,0
"494",1400,11,1400.875,"هرمزگان",706,826.200000000004,1055.96741863603,0,0
"495",1400,11,1400.875,"همدان",940,1057.2,1188.7406147672,0,0
"496",1400,11,1400.875,"يزد",454,453.999999999998,482.321958501015,0,0
"497",1400,10,1400.79166666667,"آذربايجان شرقي",1825,1933.69999999996,2191.71821641113,0,0
"498",1400,10,1400.79166666667,"آذربايجان غربي",1289,1442.99999999997,1546.74487939169,0,0
"499",1400,10,1400.79166666667,"اردبيل",594,721.899999999987,752.158882993258,0,0
"500",1400,10,1400.79166666667,"اصفهان",2005,2239.19999999994,2731.33961433718,0,0
"501",1400,10,1400.79166666667,"البرز",964,1185.59999999995,1399.45181785523,0,0
"502",1400,10,1400.79166666667,"ايلام",185,235.799999999996,302.623648508589,0,0
"503",1400,10,1400.79166666667,"بوشهر",409,346.299999999994,414.24409466612,0,0
"504",1400,10,1400.79166666667,"تهران",5046,5127.49999999988,6538.40290239962,0,0
"505",1400,10,1400.79166666667,"چهارمحال و بختياري",317,305.700000000001,409.244193463468,0,0
"506",1400,10,1400.79166666667,"خراسان جنوبي",353,292.200000000004,385.051494333698,0,0
"507",1400,10,1400.79166666667,"خراسان رضوي",2584,2402.79999999999,2871.16139892179,0,0
"508",1400,10,1400.79166666667,"خراسان شمالي",344,397.200000000001,441.54410896613,0,0
"509",1400,10,1400.79166666667,"خوزستان",1778,1844.69999999997,2188.61917655167,0,0
"510",1400,10,1400.79166666667,"زنجان",438,399.099999999999,460.708440980109,0,0
"511",1400,10,1400.79166666667,"سمنان",288,374.999999999985,430.964274318524,0,0
"512",1400,10,1400.79166666667,"سيستان و بلوچستان",1237,1251.60000000001,1380.32295832524,0,0
"513",1400,10,1400.79166666667,"فارس",1952,1963.19999999995,2369.29161527907,0,0
"514",1400,10,1400.79166666667,"قزوين",564,555.099999999993,580.567626508957,0,0
"515",1400,10,1400.79166666667,"قم",463,618.199999999979,729.776879325406,0,0
"516",1400,10,1400.79166666667,"کردستان",627,581.200000000008,612.463397128283,45.799999999992,0.00955360867751189
"517",1400,10,1400.79166666667,"کرمان",1292,1659.99999999994,1887.84863396559,0,0
"518",1400,10,1400.79166666667,"کرمانشاه",841,1014.19999999998,1297.64734960834,0,0
"519",1400,10,1400.79166666667,"کهگيلويه و بويراحمد",226,238.599999999994,288.445762106717,0,0
"520",1400,10,1400.79166666667,"گلستان",752,839.299999999985,878.560667340218,0,0
"521",1400,10,1400.79166666667,"گيلان",1274,1471.89999999996,1723.62127442864,0,0
"522",1400,10,1400.79166666667,"لرستان",669,865.099999999977,928.057128269945,0,0
"523",1400,10,1400.79166666667,"مازندران",1460,1402.89999999998,1529.5317495733,0,0
"524",1400,10,1400.79166666667,"مرکزي",588,704.799999999981,879.343404344003,0,0
"525",1400,10,1400.79166666667,"هرمزگان",578,688.199999999979,838.657302913467,0,0
"526",1400,10,1400.79166666667,"همدان",879,1026.49999999999,1059.63608305155,0,0
"527",1400,10,1400.79166666667,"يزد",405,410.799999999993,533.23120517253,0,0
"528",1400,9,1400.70833333333,"آذربايجان شرقي",2227,2266.39999999997,2789.75125234713,0,0
"529",1400,9,1400.70833333333,"آذربايجان غربي",1627,1595.79999999996,1926.63651551783,0,0
"530",1400,9,1400.70833333333,"اردبيل",718,655.19999999999,729.200900895409,0,0
"531",1400,9,1400.70833333333,"اصفهان",2422,2343.79999999996,2728.61094925514,0,0
"532",1400,9,1400.70833333333,"البرز",1200,1191.19999999997,1501.66867796927,0,0
"533",1400,9,1400.70833333333,"ايلام",231,220.799999999997,269.136321746692,0,0
"534",1400,9,1400.70833333333,"بوشهر",408,468.999999999996,506.300580871257,0,0
"535",1400,9,1400.70833333333,"تهران",5743,5418.5999999999,6429.51133801792,0,0
"536",1400,9,1400.70833333333,"چهارمحال و بختياري",374,303.799999999999,376.046799237057,0,0
"537",1400,9,1400.70833333333,"خراسان جنوبي",428,450.599999999995,584.199900199558,0,0
"538",1400,9,1400.70833333333,"خراسان رضوي",3272,3277.99999999994,3792.6188233375,0,0
"539",1400,9,1400.70833333333,"خراسان شمالي",453,544.999999999978,624.752951878476,0,0
"540",1400,9,1400.70833333333,"خوزستان",2008,1927.99999999999,2379.45852522684,0,0
"541",1400,9,1400.70833333333,"زنجان",496,540.399999999987,660.479973351086,0,0
"542",1400,9,1400.70833333333,"سمنان",389,280.399999999999,361.03001922361,108.600000000001,0.0463904314395563
"543",1400,9,1400.70833333333,"سيستان و بلوچستان",1462,1333.8,1645.38326869929,0,0
"544",1400,9,1400.70833333333,"فارس",2498,2040.39999999998,2377.73919625997,457.60000000002,0.0285964254468204
"545",1400,9,1400.70833333333,"قزوين",616,564.999999999985,681.926757701836,0,0
"546",1400,9,1400.70833333333,"قم",580,536.799999999999,663.856942614981,0,0
"547",1400,9,1400.70833333333,"کردستان",862,694.399999999987,848.440687265833,167.600000000013,0.0323552123552149
"548",1400,9,1400.70833333333,"کرمان",1494,1407.19999999997,1684.10937145569,0,0
"549",1400,9,1400.70833333333,"کرمانشاه",1077,1135.79999999999,1307.01214910162,0,0
"550",1400,9,1400.70833333333,"کهگيلويه و بويراحمد",276,276.399999999999,307.64739989183,0,0
"551",1400,9,1400.70833333333,"گلستان",849,938.199999999968,1198.34149995721,0,0
"552",1400,9,1400.70833333333,"گيلان",1614,1640.19999999997,1979.66546216071,0,0
"553",1400,9,1400.70833333333,"لرستان",877,817.399999999987,980.938782352473,0,0
"554",1400,9,1400.70833333333,"مازندران",1535,1587.39999999996,1975.77301657038,0,0
"555",1400,9,1400.70833333333,"مرکزي",770,647.999999999998,789.036165574647,0,0
"556",1400,9,1400.70833333333,"هرمزگان",614,656.999999999985,760.160716037312,0,0
"557",1400,9,1400.70833333333,"همدان",1053,967.799999999996,1162.53297957288,0,0
"558",1400,9,1400.70833333333,"يزد",549,465.399999999991,585.595396473124,0,0
"559",1400,8,1400.625,"آذربايجان شرقي",2497,1643.2,1737.19007039753,853.799999999996,0.0548538387407643
"560",1400,8,1400.625,"آذربايجان غربي",1774,1105.60000000001,1217.11502140969,668.399999999991,0.060863230741212
"561",1400,8,1400.625,"اردبيل",644,548.2,581.751949769475,95.7999999999997,0.0222583643122676
"562",1400,8,1400.625,"اصفهان",2569,1902,2106.22340708155,667.000000000004,0.0412721985025681
"563",1400,8,1400.625,"البرز",1104,951.199999999997,1057.48013298197,152.800000000003,0.0222740524781345
"564",1400,8,1400.625,"ايلام",249,215.799999999998,245.739939879698,33.2000000000016,0.0188422247446093
"565",1400,8,1400.625,"بوشهر",376,399.399999999998,420.575457492108,0,0
"566",1400,8,1400.625,"تهران",5964,4503.2,4985.7519661135,1460.8,0.0370347834905181
"567",1400,8,1400.625,"چهارمحال و بختياري",448,180.799999999996,266.425541360803,267.200000000004,0.0946846208362879
"568",1400,8,1400.625,"خراسان جنوبي",340,293.999999999999,316.497407258021,46.0000000000009,0.017611026033691
"569",1400,8,1400.625,"خراسان رضوي",2793,2481.80000000001,2732.10008656279,311.199999999986,0.0153164681563139
"570",1400,8,1400.625,"خراسان شمالي",415,396.399999999991,464.560594676586,0,0
"571",1400,8,1400.625,"خوزستان",1970,1803.99999999999,1994.1984928086,0,0
"572",1400,8,1400.625,"زنجان",533,397.2,416.563195328595,135.8,0.0390791366906475
"573",1400,8,1400.625,"سمنان",351,271.199999999996,313.858332519368,79.8000000000038,0.032961586121439
"574",1400,8,1400.625,"سيستان و بلوچستان",1161,972.200000000041,1495.74216640119,0,0
"575",1400,8,1400.625,"فارس",2305,1626.60000000001,1753.38170214981,678.399999999994,0.0462566480294555
"576",1400,8,1400.625,"قزوين",602,520,551.78049716414,82,0.0202369200394867
"577",1400,8,1400.625,"قم",652,491.000000000002,585.467631140691,160.999999999998,0.0412080880470945
"578",1400,8,1400.625,"کردستان",943,513.800000000007,590.037348677238,429.199999999993,0.0786368633198962
"579",1400,8,1400.625,"کرمان",1349,1043.40000000001,1233.31471770246,305.599999999988,0.0354524361948942
"580",1400,8,1400.625,"کرمانشاه",1216,885.400000000004,1023.1766308196,330.599999999996,0.0422492012779548
"581",1400,8,1400.625,"کهگيلويه و بويراحمد",270,196.999999999997,231.446093150502,73.0000000000027,0.04150085275725
"582",1400,8,1400.625,"گلستان",814,758.399999999998,839.050687122509,0,0
"583",1400,8,1400.625,"گيلان",1432,1307,1398.45563587518,124.999999999999,0.0127343113284433
"584",1400,8,1400.625,"لرستان",816,663.400000000004,744.810073086815,152.599999999996,0.0275451263537899
"585",1400,8,1400.625,"مازندران",1410,1319.4,1395.44209360611,90.6000000000004,0.00923735725938014
"586",1400,8,1400.625,"مرکزي",735,602.599999999994,698.644434161133,132.400000000006,0.0246050919903374
"587",1400,8,1400.625,"هرمزگان",550,574.400000000001,644.382855043215,0,0
"588",1400,8,1400.625,"همدان",1100,854.400000000003,921.200199600502,245.599999999997,0.0355942028985503
"589",1400,8,1400.625,"يزد",459,433.799999999999,441.48548415304,25.2000000000007,0.00660031430068118
"590",1400,7,1400.54166666667,"آذربايجان شرقي",3465,2344.20000000001,2738.54046203758,1120.79999999999,0.0678943542524829
"591",1400,7,1400.54166666667,"آذربايجان غربي",2425,1377,1617.19325552563,1048,0.0967414381980984
"592",1400,7,1400.54166666667,"اردبيل",806,690.000000000007,821.603444737091,0,0
"593",1400,7,1400.54166666667,"اصفهان",3616,2380.60000000001,2787.30169248071,1235.39999999999,0.0697138987641778
"594",1400,7,1400.54166666667,"البرز",1589,1118.00000000003,1368.46915977824,470.999999999971,0.0590966122961068
"595",1400,7,1400.54166666667,"ايلام",309,242.999999999998,288.231257628619,66.0000000000018,0.0383944153577672
"596",1400,7,1400.54166666667,"بوشهر",479,424.600000000006,484.362864723847,0,0
"597",1400,7,1400.54166666667,"تهران",8342,5819.40000000002,6668.64586153444,2522.59999999998,0.0595149341763784
"598",1400,7,1400.54166666667,"چهارمحال و بختياري",555,315.599999999999,434.328822673069,239.400000000001,0.0760966306420856
"599",1400,7,1400.54166666667,"خراسان جنوبي",407,386.200000000004,434.037223999732,0,0
"600",1400,7,1400.54166666667,"خراسان رضوي",3737,3184.20000000007,3762.81628044852,0,0
"601",1400,7,1400.54166666667,"خراسان شمالي",567,437.200000000001,529.031004205189,129.799999999999,0.0418574653337631
"602",1400,7,1400.54166666667,"خوزستان",2767,2032.39999999999,2460.31572378993,734.600000000006,0.0505018561803936
"603",1400,7,1400.54166666667,"زنجان",645,486,558.416388568703,159,0.0423661071143086
"604",1400,7,1400.54166666667,"سمنان",416,325.600000000002,400.563991355853,90.3999999999978,0.0379194630872474
"605",1400,7,1400.54166666667,"سيستان و بلوچستان",1283,1355.20000000001,1784.60765402278,0,0
"606",1400,7,1400.54166666667,"فارس",2679,1982.2,2365.79058035011,696.800000000003,0.0463113119766053
"607",1400,7,1400.54166666667,"قزوين",783,613.600000000006,701.134374200469,169.399999999994,0.0386846311943353
"608",1400,7,1400.54166666667,"قم",902,565.599999999999,635.47989696615,336.400000000001,0.0741622574955911
"609",1400,7,1400.54166666667,"کردستان",1128,706.200000000004,822.908183089281,421.799999999996,0.0799924141854723
"610",1400,7,1400.54166666667,"کرمان",1599,1298.8,1547.92941750558,300.199999999997,0.0333555555555552
"611",1400,7,1400.54166666667,"کرمانشاه",1673,1079.20000000001,1339.9036631887,593.799999999988,0.0747576482437352
"612",1400,7,1400.54166666667,"کهگيلويه و بويراحمد",322,284.400000000001,367.352195068406,0,0
"613",1400,7,1400.54166666667,"گلستان",960,873.600000000006,1023.01128917634,0,0
"614",1400,7,1400.54166666667,"گيلان",1712,1549.80000000002,1830.27269623502,0,0
"615",1400,7,1400.54166666667,"لرستان",1097,823.400000000001,984.125023979883,273.599999999999,0.0431750039450842
"616",1400,7,1400.54166666667,"مازندران",1874,1748,2112.66313221931,0,0
"617",1400,7,1400.54166666667,"مرکزي",1015,732,861.080853214823,283,0.0493117267816693
"618",1400,7,1400.54166666667,"هرمزگان",688,686.000000000007,895.092005267226,0,0
"619",1400,7,1400.54166666667,"همدان",1351,1102.20000000001,1294.14304710861,248.799999999988,0.0329405534224796
"620",1400,7,1400.54166666667,"يزد",530,410.200000000001,477.260171985067,119.799999999999,0.0377441713925644
"621",1400,6,1400.45833333333,"آذربايجان شرقي",4047,1788.6,2010.54263523112,2258.4,0.130967292971468
"622",1400,6,1400.45833333333,"آذربايجان غربي",2688,1149.60000000001,1261.80398091572,1538.39999999999,0.136117501327198
"623",1400,6,1400.45833333333,"اردبيل",1373,584.800000000014,709.537591233234,788.199999999986,0.145397528131339
"624",1400,6,1400.45833333333,"اصفهان",4834,1842.60000000001,1997.7029765457,2991.39999999999,0.158015952670223
"625",1400,6,1400.45833333333,"البرز",2173,907.600000000013,978.052821093282,1265.39999999999,0.153960335807274
"626",1400,6,1400.45833333333,"ايلام",441,210.799999999999,236.349951076274,230.200000000001,0.122773333333334
"627",1400,6,1400.45833333333,"بوشهر",860,338.199999999999,393.96498303894,521.800000000001,0.151597908192911
"628",1400,6,1400.45833333333,"تهران",11779,4419.39999999999,4863.89806898717,7359.60000000001,0.161802792129274
"629",1400,6,1400.45833333333,"چهارمحال و بختياري",754,-97.5999999999767,430.43522609774,851.599999999977,0.211788112409842
"630",1400,6,1400.45833333333,"خراسان جنوبي",549,295.40000000001,399.916027479052,253.59999999999,0.0970531955606546
"631",1400,6,1400.45833333333,"خراسان رضوي",7494,2350.19999999998,2706.0327322399,5143.80000000002,0.208200437140777
"632",1400,6,1400.45833333333,"خراسان شمالي",1099,438.000000000015,503.625198412406,660.999999999985,0.176832530765111
"633",1400,6,1400.45833333333,"خوزستان",4862,1609.19999999999,1753.56204487329,3252.80000000001,0.196129032258065
"634",1400,6,1400.45833333333,"زنجان",813,403.799999999997,453.33517268904,409.200000000003,0.109207365892715
"635",1400,6,1400.45833333333,"سمنان",554,305.200000000004,328.782479372054,248.799999999996,0.0990051730998789
"636",1400,6,1400.45833333333,"سيستان و بلوچستان",2004,937.599999999969,1245.37307657858,1066.40000000003,0.113968152185533
"637",1400,6,1400.45833333333,"فارس",3712,1732.4,1932.78895511813,1979.6,0.118460894021902
"638",1400,6,1400.45833333333,"قزوين",1237,435.999999999998,509.73013856852,801.000000000002,0.165838509316771
"639",1400,6,1400.45833333333,"قم",1454,498.799999999997,543.509432263597,955.200000000003,0.192852816474864
"640",1400,6,1400.45833333333,"کردستان",1073,551.000000000004,660.556073922601,521.999999999996,0.0973517344274518
"641",1400,6,1400.45833333333,"کرمان",2562,1058.40000000001,1244.32184738039,1503.59999999999,0.147094502054392
"642",1400,6,1400.45833333333,"کرمانشاه",1999,880.600000000001,956.616664839583,1118.4,0.132842380330205
"643",1400,6,1400.45833333333,"کهگيلويه و بويراحمد",497,250.600000000002,289.558097147236,246.399999999998,0.113758079409048
"644",1400,6,1400.45833333333,"گلستان",2143,694.599999999999,745.908218964736,1448.4,0.198275154004107
"645",1400,6,1400.45833333333,"گيلان",3069,1422.00000000002,1586.574603144,1646.99999999998,0.128772478498826
"646",1400,6,1400.45833333333,"لرستان",1598,768.600000000004,840.529595207169,829.399999999996,0.121062618595825
"647",1400,6,1400.45833333333,"مازندران",3233,1332.80000000001,1490.11539445756,1900.19999999999,0.1458886756238
"648",1400,6,1400.45833333333,"مرکزي",1172,658.99999999999,800.54198434857,513.00000000001,0.0874233128834373
"649",1400,6,1400.45833333333,"هرمزگان",1171,457.399999999994,486.103077651467,713.600000000006,0.147957702674685
"650",1400,6,1400.45833333333,"همدان",1669,855.799999999999,937.458639061236,813.200000000001,0.105775234131114
"651",1400,6,1400.45833333333,"يزد",621,396.400000000002,443.529608527975,224.599999999998,0.0633211164364246
"652",1400,5,1400.375,"آذربايجان شرقي",2211,1861,2300.66714682814,0,0
"653",1400,5,1400.375,"آذربايجان غربي",1570,1172.6,1274.83306705758,397.400000000001,0.0356732495511671
"654",1400,5,1400.375,"اردبيل",726,508.6,575.072049263833,217.4,0.0426692836113836
"655",1400,5,1400.375,"اصفهان",3290,2161.40000000001,2262.9112473243,1128.59999999999,0.0621509995043775
"656",1400,5,1400.375,"البرز",2023,1011.8,1114.96782444154,1011.2,0.113363228699551
"657",1400,5,1400.375,"ايلام",289,168.799999999999,182.516170505404,120.200000000001,0.0667777777777782
"658",1400,5,1400.375,"بوشهر",721,308,359.928155497122,413,0.123210023866348
"659",1400,5,1400.375,"تهران",9777,5008.20000000001,5658.93117849592,4768.79999999999,0.104295337240836
"660",1400,5,1400.375,"چهارمحال و بختياري",407,73,417.228606210084,0,0
"661",1400,5,1400.375,"خراسان جنوبي",402,353.000000000002,367.656056768451,48.9999999999982,0.0180080852627704
"662",1400,5,1400.375,"خراسان رضوي",4897,2636.00000000001,2889.02200167839,2260.99999999999,0.0922066799885806
"663",1400,5,1400.375,"خراسان شمالي",521,488.400000000001,544.199641575911,0,0
"664",1400,5,1400.375,"خوزستان",2274,1606,1845.15406470864,668,0.0457064659596305
"665",1400,5,1400.375,"زنجان",493,427,487.535389098719,66.0000000000002,0.0171206225680934
"666",1400,5,1400.375,"سمنان",396,286.199999999999,313.358792314827,109.800000000001,0.0444174757281558
"667",1400,5,1400.375,"سيستان و بلوچستان",1793,1095.4,1316.04874046019,697.599999999999,0.0740630640195348
"668",1400,5,1400.375,"فارس",2678,1704.2,1926.17026827933,973.800000000001,0.0608891389983118
"669",1400,5,1400.375,"قزوين",664,538.800000000001,632.676514634919,125.199999999999,0.0271642438706875
"670",1400,5,1400.375,"قم",1076,472.6,551.129824483017,603.4,0.124798345398138
"671",1400,5,1400.375,"کردستان",704,579.6,682.46820046383,124.4,0.0229647406313457
"672",1400,5,1400.375,"کرمان",1835,1111.60000000001,1315.28832399854,723.399999999994,0.0725358467863225
"673",1400,5,1400.375,"کرمانشاه",1303,850.799999999999,941.067011323812,452.200000000001,0.05619485522555
"674",1400,5,1400.375,"کهگيلويه و بويراحمد",322,204.8,218.32528496311,117.2,0.0617817606747495
"675",1400,5,1400.375,"گلستان",1826,646.800000000003,771.059406082601,1179.2,0.158707940780619
"676",1400,5,1400.375,"گيلان",2245,1127.99999999999,1346.57081232406,1117.00000000001,0.0937788598774248
"677",1400,5,1400.375,"لرستان",908,761,936.791922453792,0,0
"678",1400,5,1400.375,"مازندران",2639,1354,1517.10119558115,1285,0.0951076900303457
"679",1400,5,1400.375,"مرکزي",890,656.6,791.157051097295,233.4,0.0398293515358361
"680",1400,5,1400.375,"هرمزگان",980,456.799999999999,568.958815970925,523.200000000001,0.105441354292624
"681",1400,5,1400.375,"همدان",1165,864.2,877.803921003397,300.8,0.0382453909726637
"682",1400,5,1400.375,"يزد",650,349.2,393.566654144751,300.8,0.0849237718802937
"683",1400,4,1400.29166666667,"آذربايجان شرقي",2415,1855.99999999999,2294.47979809031,559.000000000015,0.0351904312244265
"684",1400,4,1400.29166666667,"آذربايجان غربي",1584,1228.59999999999,1394.54456905846,355.400000000007,0.032096089587285
"685",1400,4,1400.29166666667,"اردبيل",667,562.999999999993,639.122707956732,104.000000000007,0.0224816255944676
"686",1400,4,1400.29166666667,"اصفهان",2336,2165.60000000001,2190.27657458672,170.399999999994,0.0102582625970739
"687",1400,4,1400.29166666667,"البرز",1377,868.799999999988,927.527619850733,508.200000000012,0.064871074802146
"688",1400,4,1400.29166666667,"ايلام",197,180.599999999998,232.52815549712,0,0
"689",1400,4,1400.29166666667,"بوشهر",432,300.399999999999,324.981836112597,131.600000000001,0.044294850218782
"690",1400,4,1400.29166666667,"تهران",6277,4450.19999999998,5014.75906097884,1826.80000000002,0.0455118463339899
"691",1400,4,1400.29166666667,"چهارمحال و بختياري",348,233.19999999999,414.429504588316,0,0
"692",1400,4,1400.29166666667,"خراسان جنوبي",319,331.799999999992,373.642562063043,0,0
"693",1400,4,1400.29166666667,"خراسان رضوي",2813,2280.79999999998,2627.13529033773,532.200000000021,0.0251917069014494
"694",1400,4,1400.29166666667,"خراسان شمالي",389,408.599999999995,484.017946582139,0,0
"695",1400,4,1400.29166666667,"خوزستان",1972,1541.40000000001,1723.88068390929,430.599999999991,0.0283868415848106
"696",1400,4,1400.29166666667,"زنجان",492,430.999999999995,549.409459081608,0,0
"697",1400,4,1400.29166666667,"سمنان",313,286.799999999998,321.648242423399,0,0
"698",1400,4,1400.29166666667,"سيستان و بلوچستان",1427,1116.2,1287.84148682646,310.800000000003,0.0345717463848724
"699",1400,4,1400.29166666667,"فارس",2099,1684.6,1855.13015373632,414.400000000002,0.0277859729113586
"700",1400,4,1400.29166666667,"قزوين",516,480.599999999994,580.759206599621,0,0
"701",1400,4,1400.29166666667,"قم",585,508.800000000001,603.491076665123,0,0
"702",1400,4,1400.29166666667,"کردستان",588,574.599999999998,639.040153113824,0,0
"703",1400,4,1400.29166666667,"کرمان",1339,1106.19999999999,1254.45023889806,232.80000000001,0.0247028862478788
"704",1400,4,1400.29166666667,"کرمانشاه",1038,849.799999999998,902.16156351116,188.200000000002,0.0245980917527123
"705",1400,4,1400.29166666667,"کهگيلويه و بويراحمد",250,239.200000000003,273.076245364563,0,0
"706",1400,4,1400.29166666667,"گلستان",910,772.399999999991,874.471216968017,137.600000000009,0.0215235413733786
"707",1400,4,1400.29166666667,"گيلان",1361,1202.8,1417.71331585858,0,0
"708",1400,4,1400.29166666667,"لرستان",742,718.199999999993,801.212448865613,0,0
"709",1400,4,1400.29166666667,"مازندران",1392,1338.8,1488.33973830836,0,0
"710",1400,4,1400.29166666667,"مرکزي",698,551,601.51732376126,147,0.028171713300115
"711",1400,4,1400.29166666667,"هرمزگان",703,495.599999999997,541.234782056378,207.400000000003,0.0440246232222465
"712",1400,4,1400.29166666667,"همدان",905,906.999999999985,1044.19863944903,0,0
"713",1400,4,1400.29166666667,"يزد",462,401.399999999998,432.055070271218,60.6000000000022,0.0184868822452722
"714",1400,3,1400.20833333333,"آذربايجان شرقي",2480,2002.59999999999,2324.86428078001,477.400000000009,0.0310544461068112
"715",1400,3,1400.20833333333,"آذربايجان غربي",1557,1381.39999999998,1529.46845263816,175.60000000002,0.0171887235708712
"716",1400,3,1400.20833333333,"اردبيل",705,601.799999999999,690.039069200287,103.200000000001,0.0222797927461141
"717",1400,3,1400.20833333333,"اصفهان",2468,2231.60000000003,2446.8217461132,236.399999999965,0.0147069802164965
"718",1400,3,1400.20833333333,"البرز",1240,974,1079.77712418099,266,0.0355329949238579
"719",1400,3,1400.20833333333,"ايلام",236,200.400000000001,249.643612106886,0,0
"720",1400,3,1400.20833333333,"بوشهر",446,347,439.505134992604,99,0.0359477124183007
"721",1400,3,1400.20833333333,"تهران",6577,5553.60000000003,6340.45297228901,1023.39999999997,0.0262969910321958
"722",1400,3,1400.20833333333,"چهارمحال و بختياري",437,268.200000000001,384.86876188595,168.799999999999,0.0583074265975818
"723",1400,3,1400.20833333333,"خراسان جنوبي",377,366.600000000002,446.20904471227,0,0
"724",1400,3,1400.20833333333,"خراسان رضوي",3157,2872.59999999998,3403.03981750994,0,0
"725",1400,3,1400.20833333333,"خراسان شمالي",456,402.599999999999,445.35199800399,53.4000000000015,0.017287147944319
"726",1400,3,1400.20833333333,"خوزستان",2079,1813.8,2154.43783309159,0,0
"727",1400,3,1400.20833333333,"زنجان",547,440.200000000001,512.113837333298,106.799999999999,0.031037489102005
"728",1400,3,1400.20833333333,"سمنان",340,284.4,356.292512359308,0,0
"729",1400,3,1400.20833333333,"سيستان و بلوچستان",1351,1083.19999999999,1315.19166651699,267.80000000001,0.0314356145087464
"730",1400,3,1400.20833333333,"فارس",2235,1952.20000000001,2207.39352133888,282.799999999988,0.0190758853288356
"731",1400,3,1400.20833333333,"قزوين",686,462.600000000002,576.605263036408,223.399999999998,0.0514272559852665
"732",1400,3,1400.20833333333,"قم",622,571.600000000006,675.114250226725,0,0
"733",1400,3,1400.20833333333,"کردستان",733,550.800000000005,774.72945317667,0,0
"734",1400,3,1400.20833333333,"کرمان",1361,1241.39999999999,1391.44843662408,0,0
"735",1400,3,1400.20833333333,"کرمانشاه",1026,1049.2,1190.98293268232,0,0
"736",1400,3,1400.20833333333,"کهگيلويه و بويراحمد",267,254.400000000001,308.961280532384,0,0
"737",1400,3,1400.20833333333,"گلستان",787,717.600000000006,796.683921669752,0,0
"738",1400,3,1400.20833333333,"گيلان",1344,1453.59999999999,1618.66645126533,0,0
"739",1400,3,1400.20833333333,"لرستان",882,818.800000000003,932.291849927651,0,0
"740",1400,3,1400.20833333333,"مازندران",1353,1423.2,1621.94539826958,0,0
"741",1400,3,1400.20833333333,"مرکزي",722,664.399999999998,811.35486835533,0,0
"742",1400,3,1400.20833333333,"هرمزگان",679,490.999999999998,581.698033789785,188.000000000002,0.0447193149381546
"743",1400,3,1400.20833333333,"همدان",995,901.400000000001,1047.15047169735,0,0
"744",1400,3,1400.20833333333,"يزد",439,517.599999999999,580.662931531391,0,0
"745",1400,1,1400.04166666667,"آذربايجان شرقي",2275,2086.2,2150.8302302848,188.800000000003,0.0124284115594762
"746",1400,1,1400.04166666667,"آذربايجان غربي",1625,1341.8,1568.01612085201,283.200000000004,0.0280785246876863
"747",1400,1,1400.04166666667,"اردبيل",753,638.199999999997,699.704471382167,114.800000000003,0.0240318191333479
"748",1400,1,1400.04166666667,"اصفهان",2498,2197.80000000002,2369.29849367659,300.199999999983,0.0187613274170353
"749",1400,1,1400.04166666667,"البرز",1632,937.399999999994,1086.78272992551,694.600000000006,0.0900324044070001
"750",1400,1,1400.04166666667,"ايلام",232,247.4,324.44890222017,0,0
"751",1400,1,1400.04166666667,"بوشهر",439,406.200000000001,491.952356624567,0,0
"752",1400,1,1400.04166666667,"تهران",6363,5425.40000000002,5642.34453976384,937.599999999977,0.0233170028101757
"753",1400,1,1400.04166666667,"چهارمحال و بختياري",399,324.199999999999,364.569955825258,74.8000000000006,0.0271112722000727
"754",1400,1,1400.04166666667,"خراسان جنوبي",345,387.000000000004,442.540975864675,0,0
"755",1400,1,1400.04166666667,"خراسان رضوي",2731,2840.79999999999,3220.18125063494,0,0
"756",1400,1,1400.04166666667,"خراسان شمالي",356,381.599999999999,464.275268369687,0,0
"757",1400,1,1400.04166666667,"خوزستان",2671,1922.8,2089.24798987472,748.199999999997,0.0512957630604687
"758",1400,1,1400.04166666667,"زنجان",540,520.400000000001,581.133296743496,0,0
"759",1400,1,1400.04166666667,"سمنان",285,382.599999999999,430.749766354571,0,0
"760",1400,1,1400.04166666667,"سيستان و بلوچستان",964,1272.60000000001,1691.28795062672,0,0
"761",1400,1,1400.04166666667,"فارس",2284,2084.20000000003,2391.02698707906,0,0
"762",1400,1,1400.04166666667,"قزوين",651,486.200000000001,505.282277991198,164.799999999999,0.0399999999999998
"763",1400,1,1400.04166666667,"قم",575,599.199999999997,722.827397179318,0,0
"764",1400,1,1400.04166666667,"کردستان",649,716,812.055539489748,0,0
"765",1400,1,1400.04166666667,"کرمان",1155,1182.39999999999,1294.95754084022,0,0
"766",1400,1,1400.04166666667,"کرمانشاه",1058,986.599999999999,1088.11650112174,0,0
"767",1400,1,1400.04166666667,"کهگيلويه و بويراحمد",337,255.6,279.128705871765,81.3999999999996,0.0417650076962543
"768",1400,1,1400.04166666667,"گلستان",817,946.599999999991,1067.26924490799,0,0
"769",1400,1,1400.04166666667,"گيلان",1587,1775.39999999998,1867.56217590022,0,0
"770",1400,1,1400.04166666667,"لرستان",816,829.400000000001,873.132520317649,0,0
"771",1400,1,1400.04166666667,"مازندران",1552,1714.59999999999,1878.99464711479,0,0
"772",1400,1,1400.04166666667,"مرکزي",818,793.400000000001,838.495454316375,0,0
"773",1400,1,1400.04166666667,"هرمزگان",545,565.200000000001,624.073876493174,0,0
"774",1400,1,1400.04166666667,"همدان",1050,1053,1140.05860095361,0,0
"775",1400,1,1400.04166666667,"يزد",368,490.600000000006,538.366096763297,0,0
"776",1400,2,1400.125,"آذربايجان شرقي",3497,1855.80000000001,2127.48682951763,1641.19999999999,0.101046669129417
"777",1400,2,1400.125,"آذربايجان غربي",2165,1458.40000000001,1729.87964932938,706.599999999991,0.0655594730005559
"778",1400,2,1400.125,"اردبيل",1006,588.6,728.628092419581,417.4,0.0837816138097149
"779",1400,2,1400.125,"اصفهان",3859,2005.2,2358.75263634524,1853.8,0.10741062633988
"780",1400,2,1400.125,"البرز",2233,948.000000000007,1146.16356880114,1284.99999999999,0.152431791221826
"781",1400,2,1400.125,"ايلام",284,215.2,274.637361987221,68.8000000000002,0.0410746268656718
"782",1400,2,1400.125,"بوشهر",645,315.2,370.75897767238,329.8,0.115638148667602
"783",1400,2,1400.125,"تهران",9985,5020.60000000003,5819.30787317187,4964.39999999997,0.113888506538196
"784",1400,2,1400.125,"چهارمحال و بختياري",645,206.999999999985,319.330464849614,438.000000000015,0.139224411951689
"785",1400,2,1400.125,"خراسان جنوبي",492,303.2,357.576465497493,188.8,0.0713529856387
"786",1400,2,1400.125,"خراسان رضوي",3992,2656.2,3209.71145727377,1335.8,0.0618168355777687
"787",1400,2,1400.125,"خراسان شمالي",585,398.600000000002,451.368677578025,186.399999999998,0.0576019777503083
"788",1400,2,1400.125,"خوزستان",3352,1690.8,2098.60436486139,1661.2,0.109824143858257
"789",1400,2,1400.125,"زنجان",902,405.399999999999,480.329300010075,496.600000000001,0.125372380711942
"790",1400,2,1400.125,"سمنان",496,283,379.06664353458,213,0.0880165289256198
"791",1400,2,1400.125,"سيستان و بلوچستان",1315,1144.4,1467.22647557679,0,0
"792",1400,2,1400.125,"فارس",3315,1941.60000000001,2331.87989955929,1373.39999999999,0.0867702805155417
"793",1400,2,1400.125,"قزوين",957,464.999999999998,525.834200907054,492.000000000002,0.107423580786027
"794",1400,2,1400.125,"قم",914,542.200000000004,647.895789887777,371.799999999996,0.0864651162790687
"795",1400,2,1400.125,"کردستان",1019,522.399999999998,600.482861969404,496.600000000002,0.0935392729327561
"796",1400,2,1400.125,"کرمان",1486,1288.00000000001,1499.12366044573,0,0
"797",1400,2,1400.125,"کرمانشاه",1448,873.800000000002,987.223689471529,574.199999999998,0.0751964379256152
"798",1400,2,1400.125,"کهگيلويه و بويراحمد",435,261.400000000001,307.576473086051,173.599999999999,0.0860257680872143
"799",1400,2,1400.125,"گلستان",1077,750.200000000001,875.587931370342,326.799999999999,0.0533812479581835
"800",1400,2,1400.125,"گيلان",2037,1389,1663.26483551487,648,0.0547852553263443
"801",1400,2,1400.125,"لرستان",1400,849.400000000009,1048.12225173175,550.599999999991,0.0817156426239227
"802",1400,2,1400.125,"مازندران",2038,1435.60000000001,1675.38990804453,602.399999999994,0.0516239609221008
"803",1400,2,1400.125,"مرکزي",1311,626.799999999999,719.619538173094,684.200000000001,0.118722887385043
"804",1400,2,1400.125,"هرمزگان",768,570.199999999997,721.774843999038,197.800000000003,0.0438872864433111
"805",1400,2,1400.125,"همدان",1855,970,1197.190375383,885,0.113650956722743
"806",1400,2,1400.125,"يزد",487,433.200000000004,529.706303766477,0,0
"807",1401,7,1401.54166666667,"آذربايجان شرقي",1414,2486.70000000001,2881.04046203758,0,0
"808",1401,7,1401.54166666667,"آذربايجان غربي",917,1433.59999999999,1673.79325552562,0,0
"809",1401,7,1401.54166666667,"اردبيل",471,719.600000000006,851.20344473709,0,0
"810",1401,7,1401.54166666667,"اصفهان",1561,2512.70000000001,2919.40169248072,0,0
"811",1401,7,1401.54166666667,"البرز",822,1197.90000000002,1448.36915977823,0,0
"812",1401,7,1401.54166666667,"ايلام",174,254.800000000001,300.031257628622,0,0
"813",1401,7,1401.54166666667,"بوشهر",307,448.700000000012,508.462864723852,0,0
"814",1401,7,1401.54166666667,"تهران",3597,6121.70000000007,6970.94586153449,0,0
"815",1401,7,1401.54166666667,"چهارمحال و بختياري",254,301.799999999999,420.52882267307,0,0
"816",1401,7,1401.54166666667,"خراسان جنوبي",264,404.700000000004,452.537223999732,0,0
"817",1401,7,1401.54166666667,"خراسان رضوي",2071,3366.60000000006,3945.21628044852,0,0
"818",1401,7,1401.54166666667,"خراسان شمالي",296,457.300000000003,549.131004205192,0,0
"819",1401,7,1401.54166666667,"خوزستان",1390,2127.70000000001,2555.61572378995,0,0
"820",1401,7,1401.54166666667,"زنجان",368,500.900000000001,573.316388568704,0,0
"821",1401,7,1401.54166666667,"سمنان",241,339.100000000002,414.063991355853,0,0
"822",1401,7,1401.54166666667,"سيستان و بلوچستان",691,1429.8,1859.20765402277,0,0
"823",1401,7,1401.54166666667,"فارس",1582,2044.7,2428.29058035011,0,0
"824",1401,7,1401.54166666667,"قزوين",419,643.700000000004,731.234374200468,0,0
"825",1401,7,1401.54166666667,"قم",363,591.800000000003,661.679896966154,0,0
"826",1401,7,1401.54166666667,"کردستان",441,739.600000000006,856.308183089282,0,0
"827",1401,7,1401.54166666667,"کرمان",878,1363.90000000001,1613.02941750558,0,0
"828",1401,7,1401.54166666667,"کرمانشاه",720,1131.20000000001,1391.9036631887,0,0
"829",1401,7,1401.54166666667,"کهگيلويه و بويراحمد",191,298.600000000002,381.552195068407,0,0
"830",1401,7,1401.54166666667,"گلستان",589,915.400000000009,1064.81128917634,0,0
"831",1401,7,1401.54166666667,"گيلان",1079,1609.70000000001,1890.17269623502,0,0
"832",1401,7,1401.54166666667,"لرستان",629,849.199999999997,1009.92502397988,0,0
"833",1401,7,1401.54166666667,"مازندران",1160,1833.20000000001,2197.86313221933,0,0
"834",1401,7,1401.54166666667,"مرکزي",525,754.799999999999,883.880853214823,0,0
"835",1401,7,1401.54166666667,"هرمزگان",397,730.600000000006,939.692005267225,0,0
"836",1401,7,1401.54166666667,"همدان",689,1164,1355.9430471086,0,0
"837",1401,7,1401.54166666667,"يزد",302,419.200000000001,486.260171985067,0,0
"838",1401,6,1401.45833333333,"آذربايجان شرقي",2020,1789.50000000001,2011.44263523112,230.499999999994,0.0133669682208301
"839",1401,6,1401.45833333333,"آذربايجان غربي",1400,1140.90000000001,1253.10398091572,259.099999999993,0.0229251459918592
"840",1401,6,1401.45833333333,"اردبيل",614,594.000000000018,718.737591233238,0,0
"841",1401,6,1401.45833333333,"اصفهان",2110,1832.10000000001,1987.2029765457,277.899999999994,0.0146796260102474
"842",1401,6,1401.45833333333,"البرز",968,933.700000000012,1004.15282109328,0,0
"843",1401,6,1401.45833333333,"ايلام",201,213.399999999998,238.949951076273,0,0
"844",1401,6,1401.45833333333,"بوشهر",370,337.699999999999,393.46498303894,0,0
"845",1401,6,1401.45833333333,"تهران",5462,4407.69999999998,4852.19806898716,1054.30000000002,0.0231790700230849
"846",1401,6,1401.45833333333,"چهارمحال و بختياري",359,-244.499999999971,283.535226097746,603.499999999971,0.150087043024116
"847",1401,6,1401.45833333333,"خراسان جنوبي",349,297.300000000012,401.816027479054,0,0
"848",1401,6,1401.45833333333,"خراسان رضوي",2392,2332.29999999997,2688.1327322399,0,0
"849",1401,6,1401.45833333333,"خراسان شمالي",377,458.000000000018,523.62519841241,0,0
"850",1401,6,1401.45833333333,"خوزستان",1788,1603.89999999999,1748.26204487329,184.10000000001,0.0111003919204106
"851",1401,6,1401.45833333333,"زنجان",427,405.099999999996,454.63517268904,0,0
"852",1401,6,1401.45833333333,"سمنان",312,315.100000000008,338.682479372057,0,0
"853",1401,6,1401.45833333333,"سيستان و بلوچستان",1062,911.199999999961,1218.97307657857,0,0
"854",1401,6,1401.45833333333,"فارس",2106,1722.6,1922.98895511813,383.399999999998,0.0229429716952904
"855",1401,6,1401.45833333333,"قزوين",558,426.099999999997,499.830138568518,131.900000000003,0.0273084886128371
"856",1401,6,1401.45833333333,"قم",484,502.199999999997,546.909432263597,0,0
"857",1401,6,1401.45833333333,"کردستان",706,542.300000000003,651.8560739226,163.699999999997,0.030529653114509
"858",1401,6,1401.45833333333,"کرمان",1204,1065.80000000001,1251.72184738039,0,0
"859",1401,6,1401.45833333333,"کرمانشاه",1046,877.500000000002,953.516664839584,168.499999999998,0.0200142534742841
"860",1401,6,1401.45833333333,"کهگيلويه و بويراحمد",264,256.900000000003,295.858097147237,0,0
"861",1401,6,1401.45833333333,"گلستان",832,690.999999999999,742.308218964736,141.000000000001,0.0193018480492814
"862",1401,6,1401.45833333333,"گيلان",1431,1434.60000000003,1599.17460314401,0,0
"863",1401,6,1401.45833333333,"لرستان",730,778.800000000005,850.729595207169,0,0
"864",1401,6,1401.45833333333,"مازندران",1466,1331.50000000001,1488.81539445756,0,0
"865",1401,6,1401.45833333333,"مرکزي",725,664.399999999988,805.941984348568,0,0
"866",1401,6,1401.45833333333,"هرمزگان",529,448.499999999993,477.203077651465,80.5000000000073,0.0166908563134993
"867",1401,6,1401.45833333333,"همدان",943,861.5,943.158639061237,0,0
"868",1401,6,1401.45833333333,"يزد",487,397.500000000003,444.629608527976,89.4999999999975,0.0252325909219051
"869",1401,5,1401.375,"آذربايجان شرقي",2136,1848.2,2287.86714682814,0,0
"870",1401,5,1401.375,"آذربايجان غربي",1483,1155.7,1257.93306705758,327.300000000003,0.0293806104129267
"871",1401,5,1401.375,"اردبيل",579,500.500000000002,566.972049263834,78.4999999999982,0.0154072620215894
"872",1401,5,1401.375,"اصفهان",2300,2233.00000000001,2334.5112473243,0,0
"873",1401,5,1401.375,"البرز",1014,1052.7,1155.86782444154,0,0
"874",1401,5,1401.375,"ايلام",211,162.5,176.216170505405,48.5,0.0269444444444444
"875",1401,5,1401.375,"بوشهر",396,304.8,356.728155497123,91.1999999999998,0.0272076372315035
"876",1401,5,1401.375,"تهران",4680,5097.70000000003,5748.43117849593,0,0
"877",1401,5,1401.375,"چهارمحال و بختياري",365,-18,326.228606210084,383,0.109679266895762
"878",1401,5,1401.375,"خراسان جنوبي",356,363.100000000002,377.756056768452,0,0
"879",1401,5,1401.375,"خراسان رضوي",2937,2694.90000000001,2947.92200167839,0,0
"880",1401,5,1401.375,"خراسان شمالي",435,513.800000000003,569.599641575912,0,0
"881",1401,5,1401.375,"خوزستان",1886,1617,1856.15406470864,269,0.0184057475196716
"882",1401,5,1401.375,"زنجان",458,425.8,486.335389098719,0,0
"883",1401,5,1401.375,"سمنان",319,292.799999999999,319.958792314828,0,0
"884",1401,5,1401.375,"سيستان و بلوچستان",1001,1109.2,1329.84874046019,0,0
"885",1401,5,1401.375,"فارس",2070,1703.5,1925.47026827933,366.500000000001,0.0229162758706935
"886",1401,5,1401.375,"قزوين",574,543.000000000001,636.876514634919,0,0
"887",1401,5,1401.375,"قم",539,470.600000000001,549.129824483017,0,0
"888",1401,5,1401.375,"کردستان",682,572.000000000002,674.868200463832,109.999999999998,0.0203064426804501
"889",1401,5,1401.375,"کرمان",1107,1130.7,1334.38832399854,0,0
"890",1401,5,1401.375,"کرمانشاه",1036,841.9,932.167011323812,194.1,0.0241207903566547
"891",1401,5,1401.375,"کهگيلويه و بويراحمد",232,205.2,218.72528496311,26.7999999999998,0.0141275698471269
"892",1401,5,1401.375,"گلستان",831,634.300000000003,758.559406082601,196.699999999997,0.0264737550471059
"893",1401,5,1401.375,"گيلان",1510,1082.7,1301.27081232406,427.300000000003,0.03587440181345
"894",1401,5,1401.375,"لرستان",875,762.9,938.691922453792,0,0
"895",1401,5,1401.375,"مازندران",1604,1352.5,1515.60119558115,251.500000000001,0.018614462289986
"896",1401,5,1401.375,"مرکزي",666,657.2,791.757051097295,0,0
"897",1401,5,1401.375,"هرمزگان",523,443.700000000001,555.858815970926,0,0
"898",1401,5,1401.375,"همدان",973,865.200000000001,878.803921003397,107.799999999999,0.0137062937062936
"899",1401,5,1401.375,"يزد",479,344.7,389.066654144751,134.3,0.0379164313946923
"900",1401,4,1401.29166666667,"آذربايجان شرقي",2022,1881.79999999998,2320.27979809031,0,0
"901",1401,4,1401.29166666667,"آذربايجان غربي",1314,1233.59999999999,1399.54456905846,0,0
"902",1401,4,1401.29166666667,"اردبيل",624,576.999999999993,653.122707956732,0,0
"903",1401,4,1401.29166666667,"اصفهان",2350,2239.7,2264.37657458671,110.300000000003,0.00664017819517205
"904",1401,4,1401.29166666667,"البرز",1204,892.69999999999,951.427619850734,311.30000000001,0.0397370436558604
"905",1401,4,1401.29166666667,"ايلام",230,177.999999999998,229.92815549712,52.0000000000023,0.0307510348905986
"906",1401,4,1401.29166666667,"بوشهر",411,297.399999999999,321.981836112597,113.600000000001,0.038236284079435
"907",1401,4,1401.29166666667,"تهران",5419,4452.79999999997,5017.35906097884,966.200000000025,0.0240713520516212
"908",1401,4,1401.29166666667,"چهارمحال و بختياري",381,203.499999999993,384.729504588319,0,0
"909",1401,4,1401.29166666667,"خراسان جنوبي",376,344.899999999991,386.742562063041,0,0
"910",1401,4,1401.29166666667,"خراسان رضوي",2910,2273.89999999998,2620.23529033772,636.100000000024,0.0301098172867568
"911",1401,4,1401.29166666667,"خراسان شمالي",419,424.299999999992,499.717946582136,0,0
"912",1401,4,1401.29166666667,"خوزستان",1714,1553.00000000001,1735.48068390929,0,0
"913",1401,4,1401.29166666667,"زنجان",522,435.399999999994,553.809459081607,0,0
"914",1401,4,1401.29166666667,"سمنان",315,292.799999999997,327.648242423397,0,0
"915",1401,4,1401.29166666667,"سيستان و بلوچستان",1134,1147.99999999999,1319.64148682646,0,0
"916",1401,4,1401.29166666667,"فارس",2053,1691,1861.53015373632,362.000000000003,0.0242724956416791
"917",1401,4,1401.29166666667,"قزوين",579,482.499999999992,582.659206599619,0,0
"918",1401,4,1401.29166666667,"قم",597,520.800000000001,615.491076665123,0,0
"919",1401,4,1401.29166666667,"کردستان",662,574.999999999997,639.440153113823,87.0000000000026,0.0157580148523823
"920",1401,4,1401.29166666667,"کرمان",1332,1125.99999999999,1274.25023889805,206.000000000015,0.0218590831918521
"921",1401,4,1401.29166666667,"کرمانشاه",1062,855.099999999998,907.461563511159,206.900000000002,0.0270422167036992
"922",1401,4,1401.29166666667,"کهگيلويه و بويراحمد",235,245.300000000003,279.176245364563,0,0
"923",1401,4,1401.29166666667,"گلستان",837,794.499999999985,896.571216968012,0,0
"924",1401,4,1401.29166666667,"گيلان",1482,1187.8,1402.71331585858,294.200000000004,0.0275339260645769
"925",1401,4,1401.29166666667,"لرستان",792,728.899999999991,811.91244886561,0,0
"926",1401,4,1401.29166666667,"مازندران",1593,1370.99999999999,1520.53973830836,222.000000000007,0.0208079482613185
"927",1401,4,1401.29166666667,"مرکزي",729,543,593.51732376126,186,0.0356458413185128
"928",1401,4,1401.29166666667,"هرمزگان",562,501.299999999997,546.934782056378,60.7000000000035,0.0128847378475915
"929",1401,4,1401.29166666667,"همدان",1014,931.39999999998,1068.59863944902,0,0
"930",1401,4,1401.29166666667,"يزد",466,410.599999999997,441.255070271217,55.4000000000033,0.0169005491153152
"931",1401,3,1401.20833333333,"آذربايجان شرقي",2148,2077.10000000001,2399.36428078003,0,0
"932",1401,3,1401.20833333333,"آذربايجان غربي",1421,1439.79999999999,1587.86845263817,0,0
"933",1401,3,1401.20833333333,"اردبيل",694,622.400000000001,710.639069200289,0,0
"934",1401,3,1401.20833333333,"اصفهان",2297,2334.90000000002,2550.12174611319,0,0
"935",1401,3,1401.20833333333,"البرز",1136,1019.6,1125.37712418098,116.400000000001,0.0155490248463801
"936",1401,3,1401.20833333333,"ايلام",252,204.300000000001,253.543612106886,0,0
"937",1401,3,1401.20833333333,"بوشهر",393,356.700000000001,449.205134992605,0,0
"938",1401,3,1401.20833333333,"تهران",5340,5858.60000000003,6645.45297228901,0,0
"939",1401,3,1401.20833333333,"چهارمحال و بختياري",383,250.300000000003,366.968761885952,132.699999999997,0.0458376511226242
"940",1401,3,1401.20833333333,"خراسان جنوبي",378,386.200000000001,465.809044712269,0,0
"941",1401,3,1401.20833333333,"خراسان رضوي",2917,2993.39999999997,3523.83981750992,0,0
"942",1401,3,1401.20833333333,"خراسان شمالي",408,413.4,456.151998003991,0,0
"943",1401,3,1401.20833333333,"خوزستان",1959,1888,2228.63783309159,0,0
"944",1401,3,1401.20833333333,"زنجان",474,453.299999999999,525.213837333297,0,0
"945",1401,3,1401.20833333333,"سمنان",316,292,363.892512359308,0,0
"946",1401,3,1401.20833333333,"سيستان و بلوچستان",1271,1112.09999999999,1344.09166651699,0,0
"947",1401,3,1401.20833333333,"فارس",2238,2017.20000000001,2272.39352133888,0,0
"948",1401,3,1401.20833333333,"قزوين",585,457.500000000003,571.505263036408,127.499999999997,0.0293508287292811
"949",1401,3,1401.20833333333,"قم",532,600.800000000003,704.314250226722,0,0
"950",1401,3,1401.20833333333,"کردستان",616,542.100000000006,766.029453176671,0,0
"951",1401,3,1401.20833333333,"کرمان",1202,1293.5,1443.54843662409,0,0
"952",1401,3,1401.20833333333,"کرمانشاه",1030,1096.2,1237.98293268232,0,0
"953",1401,3,1401.20833333333,"کهگيلويه و بويراحمد",226,266.900000000001,321.461280532384,0,0
"954",1401,3,1401.20833333333,"گلستان",820,731.700000000004,810.783921669751,88.2999999999956,0.0154397621961874
"955",1401,3,1401.20833333333,"گيلان",1549,1508.59999999999,1673.66645126533,0,0
"956",1401,3,1401.20833333333,"لرستان",775,850.100000000006,963.591849927654,0,0
"957",1401,3,1401.20833333333,"مازندران",1522,1467.4,1666.14539826958,0,0
"958",1401,3,1401.20833333333,"مرکزي",687,681.599999999999,828.554868355331,0,0
"959",1401,3,1401.20833333333,"هرمزگان",576,497.599999999999,588.298033789785,0,0
"960",1401,3,1401.20833333333,"همدان",956,937.000000000007,1082.75047169736,0,0
"961",1401,3,1401.20833333333,"يزد",420,555.099999999999,618.162931531391,0,0
"962",1401,1,1401.04166666667,"آذربايجان شرقي",1876,2158.40000000001,2223.03023028481,0,0
"963",1401,1,1401.04166666667,"آذربايجان غربي",1232,1381.1,1607.31612085201,0,0
"964",1401,1,1401.04166666667,"اردبيل",566,660.099999999995,721.604471382164,0,0
"965",1401,1,1401.04166666667,"اصفهان",2042,2298.80000000002,2470.29849367659,0,0
"966",1401,1,1401.04166666667,"البرز",966,971.999999999993,1121.38272992551,0,0
"967",1401,1,1401.04166666667,"ايلام",201,256.200000000001,333.248902220171,0,0
"968",1401,1,1401.04166666667,"بوشهر",374,423.500000000004,509.25235662457,0,0
"969",1401,1,1401.04166666667,"تهران",5084,5666.29999999999,5883.2445397638,0,0
"970",1401,1,1401.04166666667,"چهارمحال و بختياري",373,321.699999999999,362.069955825258,51.3000000000006,0.0185936933671622
"971",1401,1,1401.04166666667,"خراسان جنوبي",344,403.400000000005,458.940975864676,0,0
"972",1401,1,1401.04166666667,"خراسان رضوي",2653,2935,3314.38125063495,0,0
"973",1401,1,1401.04166666667,"خراسان شمالي",367,385.799999999998,468.475268369687,0,0
"974",1401,1,1401.04166666667,"خوزستان",1879,1989.70000000001,2156.14798987473,0,0
"975",1401,1,1401.04166666667,"زنجان",416,546.200000000004,606.933296743499,0,0
"976",1401,1,1401.04166666667,"سمنان",277,407.400000000001,455.549766354574,0,0
"977",1401,1,1401.04166666667,"سيستان و بلوچستان",821,1375.70000000001,1794.38795062673,0,0
"978",1401,1,1401.04166666667,"فارس",2015,2169.10000000002,2475.92698707906,0,0
"979",1401,1,1401.04166666667,"قزوين",467,494.5,513.582277991197,0,0
"980",1401,1,1401.04166666667,"قم",534,627.400000000001,751.027397179322,0,0
"981",1401,1,1401.04166666667,"کردستان",604,744,840.055539489748,0,0
"982",1401,1,1401.04166666667,"کرمان",1047,1233.7,1346.25754084023,0,0
"983",1401,1,1401.04166666667,"کرمانشاه",961,1011.6,1113.11650112174,0,0
"984",1401,1,1401.04166666667,"کهگيلويه و بويراحمد",277,264.199999999999,287.728705871764,0,0
"985",1401,1,1401.04166666667,"گلستان",828,1004.39999999999,1125.06924490799,0,0
"986",1401,1,1401.04166666667,"گيلان",1445,1861.19999999998,1953.36217590022,0,0
"987",1401,1,1401.04166666667,"لرستان",728,865,908.732520317647,0,0
"988",1401,1,1401.04166666667,"مازندران",1340,1799.2,1963.59464711479,0,0
"989",1401,1,1401.04166666667,"مرکزي",644,823.400000000001,868.495454316375,0,0
"990",1401,1,1401.04166666667,"هرمزگان",501,583.600000000002,642.473876493176,0,0
"991",1401,1,1401.04166666667,"همدان",893,1107.8,1194.85860095361,0,0
"992",1401,1,1401.04166666667,"يزد",476,518.200000000004,565.966096763296,0,0
"993",1401,2,1401.125,"آذربايجان شرقي",1919,1884.10000000001,2155.78682951762,0,0
"994",1401,2,1401.125,"آذربايجان غربي",1302,1527.70000000001,1799.17964932939,0,0
"995",1401,2,1401.125,"اردبيل",522,599.500000000002,739.528092419583,0,0
"996",1401,2,1401.125,"اصفهان",2076,2051.00000000001,2404.55263634524,0,0
"997",1401,2,1401.125,"البرز",1032,976.600000000006,1174.76356880114,0,0
"998",1401,2,1401.125,"ايلام",204,220.599999999999,280.037361987221,0,0
"999",1401,2,1401.125,"بوشهر",381,317.5,373.05897767238,63.5,0.0222650771388499
"1000",1401,2,1401.125,"تهران",4960,5131.70000000004,5930.40787317187,0,0
"1001",1401,2,1401.125,"چهارمحال و بختياري",364,168.399999999987,280.730464849615,195.600000000013,0.0621741894469209
"1002",1401,2,1401.125,"خراسان جنوبي",330,305,359.376465497492,0,0
"1003",1401,2,1401.125,"خراسان رضوي",2636,2713.8,3267.31145727378,0,0
"1004",1401,2,1401.125,"خراسان شمالي",363,406.000000000002,458.768677578025,0,0
"1005",1401,2,1401.125,"خوزستان",1862,1708.3,2116.10436486139,0,0
"1006",1401,2,1401.125,"زنجان",457,401.599999999999,476.529300010075,0,0
"1007",1401,2,1401.125,"سمنان",284,287.599999999999,383.666643534579,0,0
"1008",1401,2,1401.125,"سيستان و بلوچستان",1068,1149.29999999999,1472.12647557679,0,0
"1009",1401,2,1401.125,"فارس",1995,1992.40000000001,2382.67989955929,0,0
"1010",1401,2,1401.125,"قزوين",521,458.599999999999,519.434200907054,62.4000000000015,0.0136244541484719
"1011",1401,2,1401.125,"قم",514,560.300000000003,665.995789887775,0,0
"1012",1401,2,1401.125,"کردستان",626,505.299999999996,583.382861969402,120.700000000004,0.022734978338671
"1013",1401,2,1401.125,"کرمان",1281,1325.70000000001,1536.82366044573,0,0
"1014",1401,2,1401.125,"کرمانشاه",1002,879.700000000002,993.123689471529,122.299999999998,0.0160162388685173
"1015",1401,2,1401.125,"کهگيلويه و بويراحمد",264,273.400000000001,319.576473086051,0,0
"1016",1401,2,1401.125,"گلستان",743,765.000000000004,890.387931370345,0,0
"1017",1401,2,1401.125,"گيلان",1434,1398.7,1672.96483551487,0,0
"1018",1401,2,1401.125,"لرستان",797,879.500000000007,1078.22225173175,0,0
"1019",1401,2,1401.125,"مازندران",1483,1468.00000000001,1707.78990804453,0,0
"1020",1401,2,1401.125,"مرکزي",605,626.399999999999,719.219538173094,0,0
"1021",1401,2,1401.125,"هرمزگان",572,582.799999999999,734.37484399904,0,0
"1022",1401,2,1401.125,"همدان",859,1007.60000000001,1234.790375383,0,0
"1023",1401,2,1401.125,"يزد",443,446.500000000004,543.006303766476,0,0
